# n=1000000000000000000,k=7,i_requested=2,i_effective=2,j=8,reason=cycle
# count_total=2159,count_divisible=1153,count_non_zero=1006
# count_divisible_k2_or_more=147,gamma=0.12749349522983522
# mean_non_zero=3.481113320079523,var_non_zero=2.8699216233414706,std_non_zero=1.694084302312453,skew_non_zero=0.04474332502922145
# shannon_entropy_non_zero=2.582764715641138,Hmax=2.584962500721156,ratio=0.9991497806720968,delta=0.002197785080018111
# cycle_start=1998 cycle_length=161
step,value,remainder,is_divisible_by_k,k_adic_valuation
0,1000000000000000000,1,0,0
1,9000000000000000054,0,1,1
2,1285714285714285722,1,0,0
3,11571428571428571552,0,1,1
4,1653061224489795936,4,0,0
5,14877551020408163640,0,1,1
6,2125364431486880520,6,0,0
7,19128279883381925004,0,1,1
8,2732611411911703572,5,0,0
9,24593502707205332418,0,1,1
10,3513357529600761774,1,0,0
11,31620217766406856020,0,1,1
12,4517173966629550860,4,0,0
13,40654565699665957956,0,1,1
14,5807795099952279708,1,0,0
15,52270155899570517426,0,1,1
16,7467165128510073918,1,0,0
17,67204486156590665316,0,1,1
18,9600640879512952188,3,0,0
19,86405767915616569854,0,1,2
20,12343681130802367122,0,1,1
21,1763383018686052446,4,0,0
22,15870447168174472230,0,1,1
23,2267206738310638890,3,0,0
24,20404860644795750172,0,1,2
25,2914980092113678596,0,1,1
26,416425727444811228,4,0,0
27,3747831547003301268,0,1,1
28,535404506714757324,1,0,0
29,4818640560432815970,0,1,1
30,688377222918973710,3,0,0
31,6195395006270763552,0,1,1
32,885056429467251936,6,0,0
33,7965507865205267748,0,1,1
34,1137929695029323964,5,0,0
35,10241367255263915946,0,1,1
36,1463052465037702278,5,0,0
37,13167472185339320772,0,1,1
38,1881067455048474396,4,0,0
39,16929607095436269780,0,1,1
40,2418515299348038540,6,0,0
41,21766637694132347184,0,1,1
42,3109519670590335312,2,0,0
43,27985677035313017916,0,1,2
44,3997953862187573988,0,1,1
45,571136266026796284,3,0,0
46,5140226394241166718,0,1,1
47,734318056320166674,6,0,0
48,6608862506881500390,0,1,1
49,944123215268785770,1,0,0
50,8497108937419071984,0,1,1
51,1213872705345581712,4,0,0
52,10924854348110235624,0,1,2
53,1560693478301462232,0,1,1
54,222956211185923176,3,0,0
55,2006605900673308746,0,1,1
56,286657985810472678,3,0,0
57,2579921872294254264,0,1,1
58,368560267470607752,1,0,0
59,3317042407235469822,0,1,1
60,473863201033638546,4,0,0
61,4264768809302747130,0,1,1
62,609252687043249590,5,0,0
63,5483274183389246580,0,1,1
64,783324883341320940,4,0,0
65,7049923950071888676,0,1,1
66,1007131992867412668,4,0,0
67,9064187935806714228,0,1,1
68,1294883990829530604,6,0,0
69,11653955917465775760,0,1,1
70,1664850845352253680,2,0,0
71,14983657608170283228,0,1,2
72,2140522515452897604,0,1,1
73,305788930778985372,5,0,0
74,2752100377010868618,0,1,1
75,393157196715838374,1,0,0
76,3538414770442545420,0,1,1
77,505487824348935060,3,0,0
78,4549390419140415702,0,1,1
79,649912917020059386,1,0,0
80,5849216253180534528,0,1,1
81,835602321882933504,4,0,0
82,7520420896946401752,0,1,1
83,1074345842420914536,4,0,0
84,9669112581788231040,0,1,1
85,1381301797398318720,1,0,0
86,12431716176584868534,0,1,1
87,1775959453797838362,4,0,0
88,15983635084180545474,0,1,1
89,2283376440597220782,2,0,0
90,20550387965374987146,0,1,1
91,2935769709339283878,5,0,0
92,26421927384053555172,0,1,1
93,3774561054864793596,4,0,0
94,33971049493783142580,0,1,1
95,4853007070540448940,1,0,0
96,43677063634864040514,0,1,1
97,6239580519266291502,4,0,0
98,56156224673396623734,0,1,1
99,8022317810485231962,2,0,0
100,72200860294367087766,0,1,1
101,10314408613481012538,1,0,0
102,92829677521329112896,0,1,3
103,13261382503047016128,0,1,2
104,1894483214721002304,0,1,1
105,270640459245857472,2,0,0
106,2435764133212717356,0,1,1
107,347966304744673908,6,0,0
108,3131696742702065496,0,1,1
109,447385248957437928,4,0,0
110,4026467240616941568,0,1,1
111,575209605802420224,6,0,0
112,5176886452221782340,0,1,1
113,739555207460254620,1,0,0
114,6655996867142291634,0,1,1
115,950856695306041662,5,0,0
116,8557710257754375228,0,1,1
117,1222530036822053604,1,0,0
118,11002770331398482490,0,1,1
119,1571824333056926070,3,0,0
120,14146418997512334792,0,1,1
121,2020916999644619256,5,0,0
122,18188252996801573574,0,1,1
123,2598321856685939082,6,0,0
124,23384896710173452062,0,1,2
125,3340699530024778866,0,1,1
126,477242790003539838,5,0,0
127,4295185110031858812,0,1,1
128,613597872861694116,4,0,0
129,5522380855755247260,0,1,1
130,788911550822178180,5,0,0
131,7100203957399603890,0,1,1
132,1014314851057086270,6,0,0
133,9128833659513776754,0,1,1
134,1304119094216253822,3,0,0
135,11737071847946284560,0,1,1
136,1676724549706612080,3,0,0
137,15090520947359508882,0,1,1
138,2155788706765644126,1,0,0
139,19402098360890797188,0,1,1
140,2771728337270113884,5,0,0
141,24945555035431025226,0,1,1
142,3563650719347289318,6,0,0
143,32072856474125604186,0,1,1
144,4581836639160800598,5,0,0
145,41236529752447205652,0,1,1
146,5890932821778172236,5,0,0
147,53018395396003550394,0,1,2
148,7574056485143364342,0,1,1
149,1082008069306194906,1,0,0
150,9738072623755754208,0,1,2
151,1391153231965107744,0,1,1
152,198736175995015392,6,0,0
153,1788625583955138852,0,1,1
154,255517940565019836,4,0,0
155,2299661465085178740,0,1,1
156,328523066440739820,6,0,0
157,2956707597966658704,0,1,1
158,422386799709522672,3,0,0
159,3801481197385704210,0,1,1
160,543068742483672030,3,0,0
161,4887618682353048432,0,1,1
162,698231240336149776,4,0,0
163,6284081163025348200,0,1,1
164,897725880432192600,5,0,0
165,8079532923889733670,0,1,2
166,1154218989127104810,0,1,1
167,164888427018157830,1,0,0
168,1483995843163420524,0,1,1
169,211999406166202932,4,0,0
170,1907994655495826604,0,1,1
171,272570665070832372,6,0,0
172,2453135985637491672,0,1,1
173,350447997948213096,1,0,0
174,3154031981533917918,0,1,2
175,450575997361988274,0,1,1
176,64367999623141182,3,0,0
177,579311996608270800,0,1,1
178,82758856658324400,1,0,0
179,744829709924919654,0,1,1
180,106404244274988522,2,0,0
181,957638198474896806,0,1,1
182,136805456924985258,4,0,0
183,1231249112324867538,0,1,1
184,175892730332123934,3,0,0
185,1583034572989115568,0,1,2
186,226147796141302224,0,1,1
187,32306828020186032,5,0,0
188,290761452181674558,0,1,1
189,41537350311667794,3,0,0
190,373836152805010308,0,1,1
191,53405164686430044,5,0,0
192,480646482177870666,0,1,2
193,68663783168267238,0,1,1
194,9809111881181034,2,0,0
195,88282006930629414,0,1,1
196,12611715275804202,5,0,0
197,113505437482238088,0,1,2
198,16215062497462584,0,1,1
199,2316437499637512,6,0,0
200,20847937496737932,0,1,1
201,2978276785248276,1,0,0
202,26804491067234538,0,1,2
203,3829213009604934,0,1,1
204,547030429943562,5,0,0
205,4923273869492328,0,1,1
206,703324838498904,6,0,0
207,6329923546490460,0,1,1
208,904274792355780,6,0,0
209,8138473131202344,0,1,1
210,1162639018743192,4,0,0
211,10463751168688944,0,1,1
212,1494821595526992,5,0,0
213,13453394359743198,0,1,1
214,1921913479963314,5,0,0
215,17297221319670096,0,1,1
216,2471031617095728,1,0,0
217,22239284553861606,0,1,1
218,3177040650551658,2,0,0
219,28593365854965030,0,1,1
220,4084766550709290,5,0,0
221,36762898956383880,0,1,1
222,5251842708054840,2,0,0
223,47266584372493668,0,1,1
224,6752369196070524,5,0,0
225,60771322764634986,0,1,1
226,8681617537804998,3,0,0
227,78134557840245144,0,1,1
228,11162079691463592,3,0,0
229,100458717223172490,0,1,1
230,14351245317596070,2,0,0
231,129161207858364738,0,1,1
232,18451601122623534,5,0,0
233,166064410103612076,0,1,1
234,23723487157658868,6,0,0
235,213511384418930136,0,1,2
236,30501626345561448,0,1,1
237,4357375192223064,4,0,0
238,39216376730007792,0,1,1
239,5602339532858256,6,0,0
240,50421055795724628,0,1,1
241,7203007970817804,5,0,0
242,64827071737360506,0,1,1
243,9261010248194358,3,0,0
244,83349092233749384,0,1,2
245,11907013176249912,0,1,1
246,1701001882321416,3,0,0
247,15309016940892906,0,1,1
248,2187002420127558,5,0,0
249,19683021781148292,0,1,1
250,2811860254449756,6,0,0
251,25306742290048128,0,1,1
252,3615248898578304,1,0,0
253,32537240087204790,0,1,1
254,4648177155314970,4,0,0
255,41833594397834946,0,1,1
256,5976227771119278,1,0,0
257,53786049940073556,0,1,1
258,7683721420010508,5,0,0
259,69153492780094842,0,1,1
260,9879070397156406,5,0,0
261,88911633574407924,0,1,1
262,12701661939201132,2,0,0
263,114314957452810296,0,1,1
264,16330708207544328,3,0,0
265,146976373867899114,0,1,1
266,20996624838271302,3,0,0
267,188969623544441880,0,1,1
268,26995660506348840,5,0,0
269,242960944557139830,0,1,1
270,34708706365305690,4,0,0
271,312378357287751426,0,1,1
272,44625479612535918,5,0,0
273,401629316512823532,0,1,1
274,57375616644689076,6,0,0
275,516380549802202008,0,1,1
276,73768649971743144,5,0,0
277,663917849745688566,0,1,1
278,94845407106526938,1,0,0
279,853608663958742496,0,1,1
280,121944094851248928,6,0,0
281,1097496853661240676,0,1,1
282,156785264808748668,1,0,0
283,1411067383278738066,0,1,1
284,201581054754105438,6,0,0
285,1814229492786949266,0,1,1
286,259175641826707038,6,0,0
287,2332580776440363666,0,1,1
288,333225825205766238,4,0,0
289,2999032426851896358,0,1,2
290,428433203835985194,0,1,1
291,61204743405140742,1,0,0
292,550842690646266732,0,1,1
293,78691812949466676,1,0,0
294,708226316545200138,0,1,1
295,101175188077885734,1,0,0
296,910576692700971660,0,1,1
297,130082384671567380,3,0,0
298,1170741462044106582,0,1,2
299,167248780292015226,0,1,1
300,23892682898859318,5,0,0
301,215034146089734132,0,1,1
302,30719163727104876,2,0,0
303,276472473543943992,0,1,1
304,39496067649134856,4,0,0
305,355464608842213920,0,1,2
306,50780658406030560,0,1,1
307,7254379772290080,3,0,0
308,65289417950610882,0,1,1
309,9327059707230126,1,0,0
310,83943537365071188,0,1,1
311,11991933909295884,5,0,0
312,107927405183663226,0,1,1
313,15418200740523318,3,0,0
314,138763806664710024,0,1,2
315,19823400952101432,0,1,1
316,2831914421728776,6,0,0
317,25487229795559308,0,1,1
318,3641032827937044,1,0,0
319,32769295451433450,0,1,1
320,4681327921633350,1,0,0
321,42131951294700204,0,1,1
322,6018850184957172,3,0,0
323,54169651664614710,0,1,1
324,7738521666373530,4,0,0
325,69646694997361986,0,1,1
326,9949527856765998,4,0,0
327,89545750710894198,0,1,1
328,12792250101556314,4,0,0
329,115130250914007042,0,1,1
330,16447178702001006,1,0,0
331,148024608318009108,0,1,1
332,21146372616858444,4,0,0
333,190317353551726212,0,1,1
334,27188193364532316,4,0,0
335,244693740280791060,0,1,1
336,34956248611541580,1,0,0
337,314606237503874274,0,1,1
338,44943748214839182,2,0,0
339,404493733933552746,0,1,1
340,57784819133364678,5,0,0
341,520063372200282372,0,1,2
342,74294767457183196,0,1,1
343,10613538208169028,6,0,0
344,95521843873521576,0,1,1
345,13645977696217368,5,0,0
346,122813799265956582,0,1,1
347,17544828466565226,1,0,0
348,157903456199087088,0,1,1
349,22557636599869584,3,0,0
350,203018729398826418,0,1,1
351,29002675628403774,3,0,0
352,261024080655634128,0,1,1
353,37289154379376304,6,0,0
354,335602389414387060,0,1,1
355,47943198487769580,2,0,0
356,431488786389926328,0,1,1
357,61641255198560904,6,0,0
358,554771296787048460,0,1,1
359,79253042398149780,6,0,0
360,713277381583348344,0,1,1
361,101896768797621192,3,0,0
362,917070919178590890,0,1,1
363,131010131311227270,4,0,0
364,1179091181801045646,0,1,1
365,168441597400149378,4,0,0
366,1515974376601344618,0,1,1
367,216567768085906374,4,0,0
368,1949109912773157582,0,1,1
369,278444273253308226,1,0,0
370,2505998459279774088,0,1,1
371,357999779897110584,2,0,0
372,3221998019073995364,0,1,1
373,460285431296285052,3,0,0
374,4142568881666565630,0,1,2
375,591795554523795090,0,1,1
376,84542222074827870,3,0,0
377,760879998673450992,0,1,1
378,108697142667635856,5,0,0
379,978274284008722974,0,1,1
380,139753469144103282,6,0,0
381,1257781222296929862,0,1,2
382,179683031756704266,0,1,1
383,25669004536672038,3,0,0
384,231021040830048504,0,1,1
385,33003005832864072,5,0,0
386,297027052495776918,0,1,1
387,42432436070825274,5,0,0
388,381891924637427736,0,1,1
389,54555989233918248,6,0,0
390,491003903105264556,0,1,1
391,70143414729323508,6,0,0
392,631290732563911896,0,1,1
393,90184390366273128,2,0,0
394,811659513296458260,0,1,1
395,115951359042351180,5,0,0
396,1043562231381160890,0,1,1
397,149080318768737270,5,0,0
398,1341722868918635700,0,1,1
399,191674695559805100,6,0,0
400,1725072260038246224,0,1,1
401,246438894291178032,3,0,0
402,2217950048620602450,0,1,1
403,316850006945800350,1,0,0
404,2851650062512203204,0,1,1
405,407378580358886172,1,0,0
406,3666407223229975602,0,1,1
407,523772460461425086,2,0,0
408,4713952144152825882,0,1,1
409,673421734878975126,2,0,0
410,6060795613910776242,0,1,1
411,865827944844396606,2,0,0
412,7792451503599569562,0,1,1
413,1113207357657081366,1,0,0
414,10018866218913732348,0,1,1
415,1431266602701961764,4,0,0
416,12881399424317656092,0,1,1
417,1840199917759665156,2,0,0
418,16561799259836986512,0,1,1
419,2365971322833855216,4,0,0
420,21293741905504697160,0,1,1
421,3041963129357813880,2,0,0
422,27377668164220325028,0,1,1
423,3911095452031475004,3,0,0
424,35199859068283275198,0,1,1
425,5028551295469039314,4,0,0
426,45256961659221354042,0,1,2
427,6465280237031622006,0,1,1
428,923611462433088858,2,0,0
429,8312503161897799830,0,1,2
430,1187500451699685690,0,1,1
431,169642921671383670,6,0,0
432,1526786295042453354,0,1,1
433,218112327863207622,5,0,0
434,1963010950768868868,0,1,1
435,280430135824124124,6,0,0
436,2523871222417117440,0,1,1
437,360553031773873920,2,0,0
438,3244977285964865388,0,1,1
439,463568183709266484,2,0,0
440,4172113653383398464,0,1,1
441,596016236197628352,1,0,0
442,5364146125778655222,0,1,1
443,766306589396950746,4,0,0
444,6896759304572556930,0,1,1
445,985251329224650990,5,0,0
446,8867261963021859180,0,1,1
447,1266751709003122740,6,0,0
448,11400765381028104984,0,1,1
449,1628680768718300712,2,0,0
450,14658126918464706516,0,1,1
451,2094018131209243788,3,0,0
452,18846163180883194254,0,1,1
453,2692309025840456322,6,0,0
454,24230781232564107222,0,1,1
455,3461540176080586746,6,0,0
456,31153861584725281038,0,1,2
457,4450551654960754434,0,1,1
458,635793093565822062,3,0,0
459,5722137842092398720,0,1,1
460,817448263156056960,1,0,0
461,7357034368404512694,0,1,2
462,1051004909772073242,0,1,1
463,150143558538867606,6,0,0
464,1351292026849808778,0,1,2
465,193041718121401254,0,1,1
466,27577388303057322,2,0,0
467,248196494727516006,0,1,1
468,35456642103930858,6,0,0
469,319109778935378046,0,1,1
470,45587111276482578,5,0,0
471,410284001488343472,0,1,1
472,58612000212620496,5,0,0
473,527508001913584734,0,1,1
474,75358285987654962,5,0,0
475,678224573888894928,0,1,1
476,96889224841270704,3,0,0
477,872003023571436498,0,1,1
478,124571860510205214,1,0,0
479,1121146744591846980,0,1,1
480,160163820655978140,1,0,0
481,1441474385903803314,0,1,1
482,205924912271971902,2,0,0
483,1853324210447747226,0,1,1
484,264760601492535318,2,0,0
485,2382845413432817970,0,1,1
486,340406487633259710,5,0,0
487,3063658388699337660,0,1,1
488,437665484099905380,4,0,0
489,3938989356899148636,0,1,1
490,562712765271306948,4,0,0
491,5064414887441762748,0,1,1
492,723487841063108964,3,0,0
493,6511390569567980838,0,1,1
494,930198652795425834,2,0,0
495,8371787875158832614,0,1,2
496,1195969696451261802,0,1,1
497,170852813778751686,1,0,0
498,1537675324008765228,0,1,2
499,219667903429823604,0,1,1
500,31381129061403372,6,0,0
501,282430161552630672,0,1,1
502,40347165936090096,6,0,0
503,363124493424811188,0,1,1
504,51874927632115884,2,0,0
505,466874348689043064,0,1,1
506,66696335527006152,2,0,0
507,600267019743055476,0,1,1
508,85752431391865068,5,0,0
509,771771882526785882,0,1,1
510,110253126075255126,5,0,0
511,992278134677296404,0,1,1
512,141754019239613772,5,0,0
513,1275786173156524218,0,1,1
514,182255167593789174,3,0,0
515,1640296508344102728,0,1,1
516,234328072620586104,6,0,0
517,2108952653585275260,0,1,1
518,301278950512182180,6,0,0
519,2711510554609639944,0,1,1
520,387358650658519992,4,0,0
521,3486227855926680144,0,1,1
522,498032550846668592,6,0,0
523,4482292957620017652,0,1,1
524,640327565374288236,4,0,0
525,5762948088368594340,0,1,1
526,823278298338370620,4,0,0
527,7409504685045335796,0,1,1
528,1058500669292190828,4,0,0
529,9526506023629717668,0,1,1
530,1360929431947102524,3,0,0
531,12248364887523922878,0,1,1
532,1749766412503417554,1,0,0
533,15747897712530758040,0,1,1
534,2249699673218679720,3,0,0
535,20247297058968117642,0,1,1
536,2892471008424016806,3,0,0
537,26032239075816151416,0,1,2
538,3718891296545164488,0,1,1
539,531270185220737784,3,0,0
540,4781431666986640218,0,1,1
541,683061666712377174,5,0,0
542,6147555000411394836,0,1,1
543,878222142915913548,4,0,0
544,7903999286243222148,0,1,1
545,1129142755177603164,5,0,0
546,10162284796598428746,0,1,2
547,1451754970942632678,0,1,1
548,207393567277518954,3,0,0
549,1866542105497670748,0,1,1
550,266648872213952964,1,0,0
551,2399839849925576730,0,1,1
552,342834264275082390,6,0,0
553,3085508378475741834,0,1,1
554,440786911210820262,4,0,0
555,3967082200897382574,0,1,2
556,566726028699626082,0,1,1
557,80960861242803726,2,0,0
558,728647751185233642,0,1,1
559,104092535883604806,6,0,0
560,936832822952443578,0,1,1
561,133833260421777654,3,0,0
562,1204499343795999048,0,1,1
563,172071334827999864,5,0,0
564,1548642013451999046,0,1,1
565,221234573350285578,6,0,0
566,1991111160152570526,0,1,1
567,284444451450367218,3,0,0
568,2560000063053305124,0,1,1
569,365714294721900732,6,0,0
570,3291428652497106912,0,1,2
571,470204093213872416,0,1,1
572,67172013316267488,6,0,0
573,604548119846407716,0,1,1
574,86364017120915388,1,0,0
575,777276154088238546,0,1,1
576,111039450584034078,1,0,0
577,999355055256306756,0,1,1
578,142765007893758108,5,0,0
579,1284885071043823242,0,1,1
580,183555010149117606,6,0,0
581,1651995091342058778,0,1,1
582,235999298763151254,2,0,0
583,2123993688868361394,0,1,1
584,303427669838337342,4,0,0
585,2730849028545036294,0,1,1
586,390121289792148042,2,0,0
587,3511091608129332486,0,1,1
588,501584515447047498,4,0,0
589,4514260639023427698,0,1,1
590,644894377003346814,1,0,0
591,5804049393030121380,0,1,2
592,829149913290017340,0,1,1
593,118449987612859620,4,0,0
594,1066049888515736796,0,1,1
595,152292841216533828,6,0,0
596,1370635570948804776,0,1,1
597,195805081564114968,1,0,0
598,1762245734077034766,0,1,1
599,251749390582433538,4,0,0
600,2265744515241902058,0,1,1
601,323677787891700294,3,0,0
602,2913100091025302808,0,1,1
603,416157155860757544,2,0,0
604,3745414402746818004,0,1,1
605,535059200392402572,5,0,0
606,4815532803531623418,0,1,3
607,687933257647374774,0,1,2
608,98276179663910682,0,1,1
609,14039454237701526,4,0,0
610,126355088139313950,0,1,1
611,18050726877044850,2,0,0
612,162456541893403758,0,1,1
613,23208077413343394,5,0,0
614,208872696720090816,0,1,2
615,29838956674298688,0,1,1
616,4262708096328384,3,0,0
617,38364372866955618,0,1,1
618,5480624695279374,4,0,0
619,49325622257514582,0,1,1
620,7046517465359226,1,0,0
621,63418657188233088,0,1,1
622,9059808169747584,4,0,0
623,81538273527728472,0,1,1
624,11648324789675496,6,0,0
625,104834923107079788,0,1,1
626,14976417586725684,5,0,0
627,134787758280531426,0,1,1
628,19255394040075918,4,0,0
629,173298546360683478,0,1,1
630,24756935194383354,4,0,0
631,222812416749450402,0,1,1
632,31830345249921486,2,0,0
633,286473107249293482,0,1,1
634,40924729607041926,2,0,0
635,368322566463377442,0,1,1
636,52617509494768206,2,0,0
637,473557585452913962,0,1,1
638,67651083636130566,5,0,0
639,608859752725175364,0,1,1
640,86979964675025052,1,0,0
641,782819682075225522,0,1,1
642,111831383153603646,1,0,0
643,1006482448382432868,0,1,2
644,143783206911776124,0,1,1
645,20540458130253732,6,0,0
646,184864123172283912,0,1,1
647,26409160453183416,6,0,0
648,237682444078651068,0,1,1
649,33954634868378724,3,0,0
650,305591713815408678,0,1,1
651,43655959116486954,6,0,0
652,392903632048382910,0,1,1
653,56129090292626130,3,0,0
654,505161812633635332,0,1,1
655,72165973233376476,6,0,0
656,649493759100388608,0,1,1
657,92784822728626944,6,0,0
658,835063404557642820,0,1,1
659,119294772079663260,3,0,0
660,1073652948716969502,0,1,1
661,153378992673852786,1,0,0
662,1380410934064675128,0,1,1
663,197201562009239304,6,0,0
664,1774814058083154060,0,1,1
665,253544865440450580,3,0,0
666,2281903788964055382,0,1,1
667,325986255566293626,3,0,0
668,2933876300096642796,0,1,1
669,419125185728091828,6,0,0
670,3772126671552826776,0,1,1
671,538875238793260968,4,0,0
672,4849877149139348928,0,1,1
673,692839592734192704,3,0,0
674,6235556334607734498,0,1,1
675,890793762086819214,1,0,0
676,8017143858781372980,0,1,1
677,1145306265540196140,3,0,0
678,10307756389861765422,0,1,1
679,1472536627123109346,1,0,0
680,13252829644107984168,0,1,1
681,1893261377729712024,6,0,0
682,17039352399567408540,0,1,1
683,2434193199938201220,1,0,0
684,21907738799443811034,0,1,1
685,3129676971349115862,3,0,0
686,28167092742142042920,0,1,1
687,4023870391734577560,1,0,0
688,36214833525611198094,0,1,1
689,5173547646515885442,1,0,0
690,46561928818642969032,0,1,1
691,6651704116948995576,3,0,0
692,59865337052540960346,0,1,1
693,8552191007505851478,3,0,0
694,76969719067552663464,0,1,1
695,10995674152507523352,6,0,0
696,98961067372567710492,0,1,1
697,14137295338938244356,2,0,0
698,127235658050444199312,0,1,1
699,18176522578634885616,4,0,0
700,163588703207713970760,0,1,1
701,23369814743959138680,1,0,0
702,210328332695632248174,0,1,1
703,30046904670804606882,3,0,0
704,270422142037241462100,0,1,1
705,38631734576748780300,1,0,0
706,347685611190739022754,0,1,1
707,49669373027248431822,1,0,0
708,447024357245235886452,0,1,1
709,63860622463605126636,1,0,0
710,574745602172446139778,0,1,1
711,82106514596063734254,2,0,0
712,738958631364573608394,0,1,1
713,105565518766367658342,1,0,0
714,950089668897308925132,0,1,1
715,135727095556758417876,3,0,0
716,1221543860010825761046,0,1,1
717,174506265715832251578,6,0,0
718,1570556391442490264526,0,1,1
719,224365198777498609218,3,0,0
720,2019286788997487483124,0,1,1
721,288469541285355354732,3,0,0
722,2596225871568198192750,0,1,1
723,370889410224028313250,3,0,0
724,3338004692016254819412,0,1,1
725,476857813145179259916,3,0,0
726,4291720318306613339406,0,1,2
727,613102902615230477058,0,1,1
728,87586128945032925294,3,0,0
729,788275160505296327808,0,1,1
730,112610737215042332544,5,0,0
731,1013496634935380993166,0,1,1
732,144785233562197284738,3,0,0
733,1303067102059775562804,0,1,1
734,186152443151396508972,3,0,0
735,1675371988362568580910,0,1,2
736,239338855480366940130,0,1,1
737,34191265068623848590,6,0,0
738,307721385617614637634,0,1,1
739,43960197945373519662,6,0,0
740,395641781508361677282,0,1,1
741,56520254501194525326,5,0,0
742,508682290510750728204,0,1,1
743,72668898644392961172,3,0,0
744,654020087799536650710,0,1,3
745,93431441114219521530,0,1,2
746,13347348730602788790,0,1,1
747,1906764104371826970,4,0,0
748,17160876939346442946,0,1,1
749,2451553848478063278,5,0,0
750,22063984636302569772,0,1,1
751,3151997805186081396,6,0,0
752,28367980246674732888,0,1,1
753,4052568606667818984,5,0,0
754,36473117460010371126,0,1,1
755,5210445351430053018,4,0,0
756,46894008162870477378,0,1,2
757,6699144023267211054,0,1,1
758,957020574752458722,2,0,0
759,8613185172772128606,0,1,1
760,1230455024681732658,4,0,0
761,11074095222135594138,0,1,1
762,1582013603162227734,2,0,0
763,14238122428460049714,0,1,2
764,2034017489780007102,0,1,1
765,290573927111429586,2,0,0
766,2615165344002866382,0,1,1
767,373595049143266626,4,0,0
768,3362355442289399850,0,1,2
769,480336491755628550,0,1,1
770,68619498822232650,5,0,0
771,617575489400094120,0,1,1
772,88225069914299160,3,0,0
773,794025629228692602,0,1,1
774,113432232746956086,5,0,0
775,1020890094722605044,0,1,2
776,145841442103229292,0,1,1
777,20834491729032756,5,0,0
778,187510425561295074,0,1,1
779,26787203651613582,2,0,0
780,241084832864522346,0,1,1
781,34440690409217478,1,0,0
782,309966213682957356,0,1,1
783,44280887668993908,2,0,0
784,398527989020945280,0,1,1
785,56932569860135040,1,0,0
786,512393128741215414,0,1,1
787,73199018391602202,1,0,0
788,658791165524419872,0,1,1
789,94113023646345696,6,0,0
790,847017212817111588,0,1,1
791,121002458973873084,6,0,0
792,1089022130764858080,0,1,1
793,155574590109265440,1,0,0
794,1400171310983389014,0,1,1
795,200024472997627002,4,0,0
796,1800220256978643234,0,1,1
797,257174322425520462,4,0,0
798,2314568901829684374,0,1,1
799,330652700261383482,3,0,0
800,2975874302352451500,0,1,1
801,425124900336064500,5,0,0
802,3826124103024580770,0,1,1
803,546589157574940110,1,0,0
804,4919302418174461044,0,1,1
805,702757488310637292,1,0,0
806,6324817394795735682,0,1,1
807,903545342113676526,5,0,0
808,8131908079023089004,0,1,1
809,1161701154146155572,5,0,0
810,10455310387315400418,0,1,2
811,1493615769616485774,0,1,1
812,213373681373783682,3,0,0
813,1920363132364053300,0,1,1
814,274337590337721900,3,0,0
815,2469038313039497262,0,1,1
816,352719759005642466,4,0,0
817,3174477831050782410,0,1,1
818,453496833007254630,6,0,0
819,4081471497065291994,0,1,1
820,583067356723613142,3,0,0
821,5247606210512518440,0,1,1
822,749658030073216920,5,0,0
823,6746922270658952550,0,1,1
824,963846038665564650,1,0,0
825,8674614347990081904,0,1,1
826,1239230621141440272,2,0,0
827,11153075590272962556,0,1,1
828,1593296512896137508,4,0,0
829,14339668616065237788,0,1,1
830,2048524088009319684,1,0,0
831,18436716792083877210,0,1,1
832,2633816684583411030,4,0,0
833,23704350161250699486,0,1,1
834,3386335737321528498,3,0,0
835,30477021635893756644,0,1,1
836,4353860233699108092,2,0,0
837,39184742103291972936,0,1,1
838,5597820300470281848,6,0,0
839,50380382704232536956,0,1,1
840,7197197529176076708,6,0,0
841,64774777762584690696,0,1,1
842,9253539680369241528,5,0,0
843,83281857123323174022,0,1,1
844,11897408160474739146,6,0,0
845,107076673444272652638,0,1,1
846,15296667634896093234,5,0,0
847,137670008714064839376,0,1,2
848,19667144102009262768,0,1,1
849,2809592014572751824,3,0,0
850,25286328131154766578,0,1,2
851,3612332590164966654,0,1,1
852,516047512880709522,6,0,0
853,4644427615926386022,0,1,1
854,663489659418055146,5,0,0
855,5971406934762496584,0,1,2
856,853058133537499512,0,1,1
857,121865447648214216,2,0,0
858,1096789028833928052,0,1,2
859,156684146976275436,0,1,1
860,22383449568039348,5,0,0
861,201451046112354402,0,1,1
862,28778720873193486,6,0,0
863,259008487858741698,0,1,1
864,37001212551248814,1,0,0
865,333010912961239380,0,1,2
866,47572987565891340,0,1,1
867,6796141080841620,4,0,0
868,61165269727574796,0,1,1
869,8737895675367828,4,0,0
870,78641061078310668,0,1,1
871,11234437296901524,6,0,0
872,101109935672114040,0,1,1
873,14444276524587720,6,0,0
874,129998488721289804,0,1,1
875,18571212674469972,6,0,0
876,167140914070230072,0,1,1
877,23877273438604296,4,0,0
878,214895460947438880,0,1,1
879,30699351563919840,4,0,0
880,276294164075278776,0,1,1
881,39470594867896968,6,0,0
882,355235353811073036,0,1,2
883,50747907687296148,0,1,1
884,7249701098185164,3,0,0
885,65247309883666638,0,1,1
886,9321044269095234,4,0,0
887,83889398421857322,0,1,2
888,11984199774551046,0,1,1
889,1712028539221578,4,0,0
890,15408256852994418,0,1,2
891,2201179550427774,0,1,1
892,314454221489682,1,0,0
893,2830087993407192,0,1,1
894,404298284772456,4,0,0
895,3638684562952320,0,1,2
896,519812080421760,0,1,1
897,74258868631680,5,0,0
898,668329817685390,0,1,1
899,95475688240770,5,0,0
900,859281194167200,0,1,1
901,122754456309600,3,0,0
902,1104790106786562,0,1,1
903,157827158112366,1,0,0
904,1420444423011348,0,1,1
905,202920631858764,1,0,0
906,1826285686728930,0,1,1
907,260897955246990,5,0,0
908,2348081597223180,0,1,1
909,335440228174740,3,0,0
910,3018962053572822,0,1,3
911,431280293367546,0,1,2
912,61611470481078,0,1,1
913,8801638640154,3,0,0
914,79214747761548,0,1,1
915,11316392537364,5,0,0
916,101847532836546,0,1,1
917,14549647548078,6,0,0
918,130946827933026,0,1,1
919,18706689704718,1,0,0
920,168360207342516,0,1,1
921,24051458191788,6,0,0
922,216463123726416,0,1,1
923,30923303389488,6,0,0
924,278309730505716,0,1,3
925,39758532929388,0,1,2
926,5679790418484,0,1,1
927,811398631212,1,0,0
928,7302587680962,0,1,1
929,1043226811566,2,0,0
930,9389041304202,0,1,1
931,1341291614886,6,0,0
932,12071624534298,0,1,1
933,1724517790614,3,0,0
934,15520660115688,0,1,1
935,2217237159384,2,0,0
936,19955134434564,0,1,1
937,2850733490652,5,0,0
938,25656601416138,0,1,1
939,3665228773734,3,0,0
940,32987058963768,0,1,1
941,4712436994824,6,0,0
942,42411932953740,0,1,1
943,6058847564820,1,0,0
944,54529628083434,0,1,1
945,7789946869062,1,0,0
946,70109521821612,0,1,2
947,10015645974516,0,1,1
948,1430806567788,3,0,0
949,12877259110254,0,1,1
950,1839608444322,5,0,0
951,16556475999168,0,1,1
952,2365210857024,1,0,0
953,21286897713270,0,1,1
954,3040985387610,2,0,0
955,27368868488598,0,1,2
956,3909838355514,0,1,1
957,558548336502,2,0,0
958,5026935028626,0,1,1
959,718133575518,2,0,0
960,6463202179770,0,1,1
961,923314597110,3,0,0
962,8309831374152,0,1,1
963,1187118767736,6,0,0
964,10684068909948,0,1,2
965,1526295558564,0,1,1
966,218042222652,2,0,0
967,1962380003976,0,1,1
968,280340000568,5,0,0
969,2523060005382,0,1,3
970,360437143626,0,1,2
971,51491020518,0,1,1
972,7355860074,3,0,0
973,66202740828,0,1,1
974,9457534404,3,0,0
975,85117809798,0,1,1
976,12159687114,1,0,0
977,109437184080,0,1,2
978,15633883440,0,1,1
979,2233411920,5,0,0
980,20100707550,0,1,1
981,2871529650,3,0,0
982,25843767012,0,1,1
983,3691966716,4,0,0
984,33227700660,0,1,2
985,4746814380,0,1,1
986,678116340,6,0,0
987,6103047384,0,1,1
988,871863912,3,0,0
989,7846775370,0,1,1
990,1120967910,6,0,0
991,10088711514,0,1,1
992,1441244502,5,0,0
993,12971200788,0,1,1
994,1853028684,3,0,0
995,16677258318,0,1,1
996,2382465474,4,0,0
997,21442189482,0,1,1
998,3063169926,5,0,0
999,27568529604,0,1,1
1000,3938361372,1,0,0
1001,35445252402,0,1,2
1002,5063607486,0,1,1
1003,723372498,2,0,0
1004,6510352590,0,1,1
1005,930050370,4,0,0
1006,8370453546,0,1,1
1007,1195779078,4,0,0
1008,10762011918,0,1,1
1009,1537430274,2,0,0
1010,13836872574,0,1,1
1011,1976696082,4,0,0
1012,17790264954,0,1,1
1013,2541466422,5,0,0
1014,22873198068,0,1,1
1015,3267599724,4,0,0
1016,29408397732,0,1,1
1017,4201199676,2,0,0
1018,37810797192,0,1,1
1019,5401542456,2,0,0
1020,48613882212,0,1,1
1021,6944840316,1,0,0
1022,62503562898,0,1,1
1023,8929080414,2,0,0
1024,80361723834,0,1,1
1025,11480246262,2,0,0
1026,103322216466,0,1,1
1027,14760316638,4,0,0
1028,132842849958,0,1,1
1029,18977549994,4,0,0
1030,170797950162,0,1,1
1031,24399707166,2,0,0
1032,219597364602,0,1,1
1033,31371052086,3,0,0
1034,282339468936,0,1,1
1035,40334209848,2,0,0
1036,363007888740,0,1,2
1037,51858269820,0,1,1
1038,7408324260,1,0,0
1039,66674918394,0,1,1
1040,9524988342,2,0,0
1041,85724895186,0,1,1
1042,12246413598,6,0,0
1043,110217722706,0,1,1
1044,15745388958,5,0,0
1045,141708500892,0,1,1
1046,20244071556,2,0,0
1047,182196644112,0,1,1
1048,26028092016,3,0,0
1049,234252828306,0,1,1
1050,33464689758,3,0,0
1051,301182207984,0,1,1
1052,43026029712,1,0,0
1053,387234267462,0,1,1
1054,55319181066,2,0,0
1055,497872629702,0,1,1
1056,71124661386,2,0,0
1057,640121952582,0,1,2
1058,91445993226,0,1,1
1059,13063713318,5,0,0
1060,117573420132,0,1,1
1061,16796202876,5,0,0
1062,151165826154,0,1,1
1063,21595118022,2,0,0
1064,194356062306,0,1,1
1065,27765151758,1,0,0
1066,249886365876,0,1,1
1067,35698052268,4,0,0
1068,321282470628,0,1,1
1069,45897495804,6,0,0
1070,413077462560,0,1,1
1071,59011066080,1,0,0
1072,531099594774,0,1,1
1073,75871370682,2,0,0
1074,682842336246,0,1,1
1075,97548905178,4,0,0
1076,877940146818,0,1,1
1077,125420020974,3,0,0
1078,1128780188928,0,1,1
1079,161254312704,2,0,0
1080,1451288814444,0,1,1
1081,207326973492,2,0,0
1082,1865942761536,0,1,1
1083,266563251648,1,0,0
1084,2399069264886,0,1,1
1085,342724180698,4,0,0
1086,3084517626498,0,1,1
1087,440645375214,2,0,0
1088,3965808377034,0,1,1
1089,566544053862,3,0,0
1090,5098896484920,0,1,1
1091,728413783560,1,0,0
1092,6555724052094,0,1,1
1093,936532007442,3,0,0
1094,8428788067140,0,1,1
1095,1204112581020,6,0,0
1096,10837013229504,0,1,2
1097,1548144747072,0,1,1
1098,221163535296,4,0,0
1099,1990471817880,0,1,1
1100,284353116840,2,0,0
1101,2559178051668,0,1,1
1102,365596864524,3,0,0
1103,3290371780878,0,1,1
1104,470053111554,5,0,0
1105,4230478004256,0,1,1
1106,604354000608,1,0,0
1107,5439186005526,0,1,1
1108,777026572218,1,0,0
1109,6993239150016,0,1,1
1110,999034164288,6,0,0
1111,8991307478916,0,1,1
1112,1284472496988,2,0,0
1113,11560252473000,0,1,1
1114,1651464639000,1,0,0
1115,14863181751054,0,1,1
1116,2123311678722,3,0,0
1117,19109805108660,0,1,1
1118,2729972158380,5,0,0
1119,24569749425690,0,1,1
1120,3509964203670,1,0,0
1121,31589677833084,0,1,2
1122,4512811119012,0,1,1
1123,644687302716,2,0,0
1124,5802185724552,0,1,1
1125,828883674936,2,0,0
1126,7459953074532,0,1,1
1127,1065707582076,4,0,0
1128,9591368238900,0,1,1
1129,1370195462700,1,0,0
1130,12331759164354,0,1,1
1131,1761679880622,4,0,0
1132,15855118925814,0,1,1
1133,2265016989402,6,0,0
1134,20385152904942,0,1,1
1135,2912164700706,2,0,0
1136,26209482306462,0,1,1
1137,3744211758066,3,0,0
1138,33697905822756,0,1,1
1139,4813986546108,5,0,0
1140,43325878915242,0,1,1
1141,6189411273606,1,0,0
1142,55704701462508,0,1,2
1143,7957814494644,0,1,1
1144,1136830642092,5,0,0
1145,10231475779098,0,1,1
1146,1461639397014,6,0,0
1147,13154754573450,0,1,3
1148,1879250653350,0,1,2
1149,268464379050,0,1,1
1150,38352054150,4,0,0
1151,345168487566,0,1,1
1152,49309783938,2,0,0
1153,443788055550,0,1,1
1154,63398293650,6,0,0
1155,570584643174,0,1,1
1156,81512091882,4,0,0
1157,733608827154,0,1,1
1158,104801261022,3,0,0
1159,943211349360,0,1,1
1160,134744478480,3,0,0
1161,1212700306482,0,1,1
1162,173242900926,4,0,0
1163,1559186108550,0,1,1
1164,222740872650,2,0,0
1165,2004667853958,0,1,1
1166,286381121994,2,0,0
1167,2577430098054,0,1,2
1168,368204299722,0,1,1
1169,52600614246,5,0,0
1170,473405528484,0,1,2
1171,67629361212,0,1,1
1172,9661337316,1,0,0
1173,86952035898,0,1,1
1174,12421719414,6,0,0
1175,111795475050,0,1,1
1176,15970782150,1,0,0
1177,143737039404,0,1,1
1178,20533862772,3,0,0
1179,184804765110,0,1,1
1180,26400680730,4,0,0
1181,237606126786,0,1,1
1182,33943732398,2,0,0
1183,305493591690,0,1,1
1184,43641941670,5,0,0
1185,392777475300,0,1,1
1186,56111067900,6,0,0
1187,504999611424,0,1,1
1188,72142801632,6,0,0
1189,649285215012,0,1,1
1190,92755030716,5,0,0
1191,834795276714,0,1,1
1192,119256468102,2,0,0
1193,1073308213026,0,1,1
1194,153329744718,3,0,0
1195,1379967702624,0,1,2
1196,197138243232,0,1,1
1197,28162606176,5,0,0
1198,253463455854,0,1,1
1199,36209065122,6,0,0
1200,325881586422,0,1,1
1201,46554512346,6,0,0
1202,418990611438,0,1,1
1203,59855801634,6,0,0
1204,538702215030,0,1,1
1205,76957459290,5,0,0
1206,692617133880,0,1,1
1207,98945304840,4,0,0
1208,890507743776,0,1,2
1209,127215391968,0,1,1
1210,18173627424,1,0,0
1211,163562646870,0,1,1
1212,23366092410,3,0,0
1213,210294831852,0,1,1
1214,30042118836,2,0,0
1215,270379069632,0,1,1
1216,38625581376,4,0,0
1217,347630232600,0,1,1
1218,49661461800,6,0,0
1219,446953156524,0,1,1
1220,63850450932,2,0,0
1221,574654058496,0,1,1
1222,82093436928,6,0,0
1223,738840932676,0,1,1
1224,105548704668,1,0,0
1225,949938342066,0,1,1
1226,135705477438,6,0,0
1227,1221349297266,0,1,1
1228,174478471038,4,0,0
1229,1570306239558,0,1,1
1230,224329462794,3,0,0
1231,2018965165308,0,1,1
1232,288423595044,4,0,0
1233,2595812355612,0,1,1
1234,370830336516,3,0,0
1235,3337473028806,0,1,1
1236,476781861258,3,0,0
1237,4291036751484,0,1,1
1238,613005250212,5,0,0
1239,5517047252178,0,1,1
1240,788149607454,6,0,0
1241,7093346467410,0,1,1
1242,1013335209630,2,0,0
1243,9120016886778,0,1,1
1244,1302859555254,5,0,0
1245,11725735997556,0,1,2
1246,1675105142508,0,1,1
1247,239300734644,6,0,0
1248,2153706612120,0,1,1
1249,307672373160,5,0,0
1250,2769051358710,0,1,1
1251,395578765530,4,0,0
1252,3560208889986,0,1,1
1253,508601269998,3,0,0
1254,4577411430144,0,1,1
1255,653915918592,6,0,0
1256,5885243267652,0,1,1
1257,840749038236,2,0,0
1258,7566741344232,0,1,1
1259,1080963049176,3,0,0
1260,9728667442746,0,1,1
1261,1389809634678,3,0,0
1262,12508286712264,0,1,1
1263,1786898101752,1,0,0
1264,16082082915822,0,1,1
1265,2297440416546,2,0,0
1266,20676963749022,0,1,1
1267,2953851964146,6,0,0
1268,26584667677638,0,1,1
1269,3797809668234,1,0,0
1270,34180287014160,0,1,2
1271,4882898144880,0,1,1
1272,697556877840,4,0,0
1273,6278011900776,0,1,1
1274,896858842968,4,0,0
1275,8071729586928,0,1,1
1276,1153104226704,3,0,0
1277,10377938040498,0,1,1
1278,1482562577214,5,0,0
1279,13343063195196,0,1,1
1280,1906151885028,6,0,0
1281,17155366965576,0,1,1
1282,2450766709368,5,0,0
1283,22056900384582,0,1,1
1284,3150985769226,1,0,0
1285,28358871923088,0,1,1
1286,4051267417584,2,0,0
1287,36461406758364,0,1,1
1288,5208772394052,3,0,0
1289,46878951546630,0,1,2
1290,6696993078090,0,1,1
1291,956713296870,2,0,0
1292,8610419671938,0,1,1
1293,1230059953134,5,0,0
1294,11070539578476,0,1,1
1295,1581505654068,4,0,0
1296,14233550886828,0,1,1
1297,2033364412404,3,0,0
1298,18300279711798,0,1,1
1299,2614325673114,1,0,0
1300,23528931058080,0,1,1
1301,3361275865440,3,0,0
1302,30251482789122,0,1,2
1303,4321640398446,0,1,1
1304,617377199778,3,0,0
1305,5556394798164,0,1,1
1306,793770685452,3,0,0
1307,7143936169230,0,1,1
1308,1020562309890,4,0,0
1309,9185060789226,0,1,1
1310,1312151541318,2,0,0
1311,11809363871970,0,1,1
1312,1687051981710,4,0,0
1313,15183467835606,0,1,1
1314,2169066833658,4,0,0
1315,19521601503138,0,1,1
1316,2788800214734,2,0,0
1317,25099201932714,0,1,1
1318,3585600276102,5,0,0
1319,32270402485188,0,1,1
1320,4610057497884,6,0,0
1321,41490517481280,0,1,2
1322,5927216783040,0,1,1
1323,846745254720,1,0,0
1324,7620707292534,0,1,1
1325,1088672470362,1,0,0
1326,9798052233312,0,1,1
1327,1399721747616,3,0,0
1328,12597495728706,0,1,1
1329,1799642246958,3,0,0
1330,16196780222784,0,1,1
1331,2313825746112,6,0,0
1332,20824431715332,0,1,1
1333,2974918816476,5,0,0
1334,26774269348554,0,1,1
1335,3824895621222,4,0,0
1336,34424060591214,0,1,1
1337,4917722941602,2,0,0
1338,44259506474526,0,1,2
1339,6322786639218,0,1,1
1340,903255234174,6,0,0
1341,8129297107890,0,1,2
1342,1161328158270,0,1,1
1343,165904022610,4,0,0
1344,1493136203706,0,1,1
1345,213305171958,4,0,0
1346,1919746547838,0,1,1
1347,274249506834,2,0,0
1348,2468245561614,0,1,1
1349,352606508802,2,0,0
1350,3173458579326,0,1,1
1351,453351225618,4,0,0
1352,4080161030778,0,1,1
1353,582880147254,6,0,0
1354,5245921325610,0,1,3
1355,749417332230,0,1,2
1356,107059618890,0,1,1
1357,15294231270,3,0,0
1358,137648081592,0,1,1
1359,19664011656,2,0,0
1360,176976105012,0,1,1
1361,25282300716,1,0,0
1362,227540706498,0,1,1
1363,32505815214,5,0,0
1364,292552337196,0,1,1
1365,41793191028,1,0,0
1366,376138719306,0,1,3
1367,53734102758,0,1,2
1368,7676300394,0,1,1
1369,1096614342,5,0,0
1370,9869529348,0,1,1
1371,1409932764,2,0,0
1372,12689394984,0,1,1
1373,1812770712,4,0,0
1374,16314936624,0,1,1
1375,2330705232,2,0,0
1376,20976347196,0,1,1
1377,2996621028,2,0,0
1378,26969589360,0,1,1
1379,3852798480,6,0,0
1380,34675186644,0,1,1
1381,4953598092,2,0,0
1382,44582382936,0,1,1
1383,6368911848,5,0,0
1384,57320206902,0,1,1
1385,8188600986,6,0,0
1386,73697409198,0,1,1
1387,10528201314,1,0,0
1388,94753811880,0,1,1
1389,13536258840,6,0,0
1390,121826329884,0,1,1
1391,17403761412,2,0,0
1392,156633852816,0,1,1
1393,22376264688,1,0,0
1394,201386382246,0,1,1
1395,28769483178,2,0,0
1396,258925348710,0,1,2
1397,36989335530,0,1,1
1398,5284190790,4,0,0
1399,47557717326,0,1,1
1400,6793959618,5,0,0
1401,61145636832,0,1,1
1402,8735090976,3,0,0
1403,78615818946,0,1,1
1404,11230831278,2,0,0
1405,101077481610,0,1,1
1406,14439640230,1,0,0
1407,129956762124,0,1,1
1408,18565251732,6,0,0
1409,167087265912,0,1,1
1410,23869609416,2,0,0
1411,214826484852,0,1,1
1412,30689497836,4,0,0
1413,276205480740,0,1,1
1414,39457925820,5,0,0
1415,355121332650,0,1,1
1416,50731618950,5,0,0
1417,456584570820,0,1,1
1418,65226367260,5,0,0
1419,587037305610,0,1,1
1420,83862472230,5,0,0
1421,754762250340,0,1,1
1422,107823178620,3,0,0
1423,970408607742,0,1,1
1424,138629801106,6,0,0
1425,1247668210278,0,1,1
1426,178238315754,2,0,0
1427,1604144841894,0,1,1
1428,229163548842,4,0,0
1429,2062471939794,0,1,1
1430,294638848542,3,0,0
1431,2651749637040,0,1,1
1432,378821376720,3,0,0
1433,3409392390642,0,1,1
1434,487056055806,5,0,0
1435,4383504502524,0,1,1
1436,626214928932,5,0,0
1437,5635934360658,0,1,1
1438,805133480094,6,0,0
1439,7246201321170,0,1,1
1440,1035171617310,5,0,0
1441,9316544556060,0,1,1
1442,1330934936580,4,0,0
1443,11978414429436,0,1,1
1444,1711202061348,3,0,0
1445,15400818552294,0,1,1
1446,2200116936042,4,0,0
1447,19801052424594,0,1,2
1448,2828721774942,0,1,1
1449,404103110706,1,0,0
1450,3636927996408,0,1,1
1451,519561142344,6,0,0
1452,4676050281420,0,1,2
1453,668007183060,0,1,1
1454,95429597580,2,0,0
1455,858866378328,0,1,2
1456,122695196904,0,1,1
1457,17527885272,2,0,0
1458,157750967556,0,1,1
1459,22535852508,1,0,0
1460,202822672626,0,1,1
1461,28974667518,6,0,0
1462,260772007986,0,1,2
1463,37253143998,0,1,1
1464,5321877714,6,0,0
1465,47896899750,0,1,2
1466,6842414250,0,1,1
1467,977487750,1,0,0
1468,8797389804,0,1,1
1469,1256769972,3,0,0
1470,11310929910,0,1,1
1471,1615847130,2,0,0
1472,14542624278,0,1,1
1473,2077517754,4,0,0
1474,18697660002,0,1,2
1475,2671094286,0,1,1
1476,381584898,2,0,0
1477,3434264190,0,1,1
1478,490609170,2,0,0
1479,4415482638,0,1,1
1480,630783234,4,0,0
1481,5677049322,0,1,1
1482,811007046,3,0,0
1483,7299063576,0,1,1
1484,1042723368,1,0,0
1485,9384510366,0,1,1
1486,1340644338,5,0,0
1487,12065799312,0,1,1
1488,1723685616,2,0,0
1489,15513170652,0,1,1
1490,2216167236,3,0,0
1491,19945505286,0,1,1
1492,2849357898,2,0,0
1493,25644221190,0,1,1
1494,3663460170,6,0,0
1495,32971141854,0,1,4
1496,4710163122,0,1,3
1497,672880446,0,1,2
1498,96125778,0,1,1
1499,13732254,4,0,0
1500,123590502,0,1,1
1501,17655786,1,0,0
1502,158902128,0,1,1
1503,22700304,4,0,0
1504,204302952,0,1,2
1505,29186136,0,1,1
1506,4169448,3,0,0
1507,37525194,0,1,1
1508,5360742,2,0,0
1509,48246786,0,1,1
1510,6892398,2,0,0
1511,62031690,0,1,1
1512,8861670,6,0,0
1513,79755354,0,1,1
1514,11393622,2,0,0
1515,102542706,0,1,1
1516,14648958,2,0,0
1517,131840730,0,1,1
1518,18834390,1,0,0
1519,169509564,0,1,1
1520,24215652,6,0,0
1521,217941192,0,1,1
1522,31134456,3,0,0
1523,280210266,0,1,1
1524,40030038,6,0,0
1525,360270666,0,1,1
1526,51467238,4,0,0
1527,463205358,0,1,1
1528,66172194,4,0,0
1529,595549962,0,1,1
1530,85078566,6,0,0
1531,765707418,0,1,2
1532,109386774,0,1,1
1533,15626682,1,0,0
1534,140640192,0,1,2
1535,20091456,0,1,1
1536,2870208,5,0,0
1537,25832142,0,1,1
1538,3690306,4,0,0
1539,33212970,0,1,1
1540,4744710,5,0,0
1541,42702660,0,1,1
1542,6100380,6,0,0
1543,54903744,0,1,1
1544,7843392,4,0,0
1545,70590744,0,1,1
1546,10084392,3,0,0
1547,90759690,0,1,1
1548,12965670,4,0,0
1549,116691246,0,1,2
1550,16670178,0,1,1
1551,2381454,5,0,0
1552,21433356,0,1,1
1553,3061908,3,0,0
1554,27557334,0,1,1
1555,3936762,4,0,0
1556,35431074,0,1,1
1557,5061582,1,0,0
1558,45554292,0,1,1
1559,6507756,3,0,0
1560,58569966,0,1,1
1561,8367138,3,0,0
1562,75304404,0,1,1
1563,10757772,4,0,0
1564,96820164,0,1,1
1565,13831452,5,0,0
1566,124483338,0,1,1
1567,17783334,2,0,0
1568,160050114,0,1,1
1569,22864302,6,0,0
1570,205779042,0,1,1
1571,29397006,2,0,0
1572,264573162,0,1,1
1573,37796166,2,0,0
1574,340165602,0,1,1
1575,48595086,1,0,0
1576,437355828,0,1,1
1577,62479404,1,0,0
1578,562314690,0,1,2
1579,80330670,0,1,1
1580,11475810,3,0,0
1581,103282452,0,1,1
1582,14754636,1,0,0
1583,132791778,0,1,1
1584,18970254,2,0,0
1585,170732394,0,1,1
1586,24390342,4,0,0
1587,219513294,0,1,1
1588,31359042,1,0,0
1589,282231432,0,1,1
1590,40318776,1,0,0
1591,362869038,0,1,1
1592,51838434,4,0,0
1593,466546122,0,1,1
1594,66649446,3,0,0
1595,599845176,0,1,1
1596,85692168,2,0,0
1597,771229620,0,1,2
1598,110175660,0,1,1
1599,15739380,6,0,0
1600,141654744,0,1,1
1601,20236392,1,0,0
1602,182127582,0,1,1
1603,26018226,3,0,0
1604,234164196,0,1,1
1605,33452028,1,0,0
1606,301068306,0,1,1
1607,43009758,1,0,0
1608,387087876,0,1,1
1609,55298268,4,0,0
1610,497684628,0,1,1
1611,71097804,1,0,0
1612,639880290,0,1,1
1613,91411470,3,0,0
1614,822703392,0,1,1
1615,117529056,1,0,0
1616,1057761558,0,1,1
1617,151108794,4,0,0
1618,1359979362,0,1,1
1619,194282766,6,0,0
1620,1748545218,0,1,1
1621,249792174,2,0,0
1622,2248129674,0,1,1
1623,321161382,3,0,0
1624,2890452600,0,1,1
1625,412921800,4,0,0
1626,3716296416,0,1,2
1627,530899488,0,1,1
1628,75842784,3,0,0
1629,682585218,0,1,1
1630,97512174,4,0,0
1631,877609782,0,1,1
1632,125372826,5,0,0
1633,1128355704,0,1,1
1634,161193672,3,0,0
1635,1450743210,0,1,1
1636,207249030,2,0,0
1637,1865241378,0,1,1
1638,266463054,4,0,0
1639,2398167702,0,1,2
1640,342595386,0,1,1
1641,48942198,4,0,0
1642,440479998,0,1,1
1643,62925714,5,0,0
1644,566331696,0,1,1
1645,80904528,5,0,0
1646,728141022,0,1,1
1647,104020146,6,0,0
1648,936181638,0,1,1
1649,133740234,5,0,0
1650,1203662376,0,1,1
1651,171951768,2,0,0
1652,1547566020,0,1,2
1653,221080860,0,1,1
1654,31582980,2,0,0
1655,284246928,0,1,1
1656,40606704,5,0,0
1657,365460606,0,1,1
1658,52208658,5,0,0
1659,469878192,0,1,1
1660,67125456,6,0,0
1661,604129428,0,1,2
1662,86304204,0,1,1
1663,12329172,2,0,0
1664,110962656,0,1,2
1665,15851808,0,1,1
1666,2264544,2,0,0
1667,20381004,0,1,1
1668,2911572,6,0,0
1669,26204472,0,1,1
1670,3743496,1,0,0
1671,33691518,0,1,3
1672,4813074,0,1,2
1673,687582,0,1,1
1674,98226,2,0,0
1675,884142,0,1,1
1676,126306,5,0,0
1677,1137024,0,1,1
1678,162432,4,0,0
1679,1462104,0,1,1
1680,208872,6,0,0
1681,1880172,0,1,1
1682,268596,6,0,0
1683,2417688,0,1,1
1684,345384,4,0,0
1685,3108672,0,1,1
1686,444096,2,0,0
1687,3996972,0,1,1
1688,570996,6,0,0
1689,5139288,0,1,1
1690,734184,3,0,0
1691,6607818,0,1,1
1692,943974,3,0,0
1693,8495928,0,1,1
1694,1213704,2,0,0
1695,10923444,0,1,1
1696,1560492,3,0,0
1697,14044590,0,1,1
1698,2006370,2,0,0
1699,18057438,0,1,1
1700,2579634,1,0,0
1701,23216760,0,1,1
1702,3316680,3,0,0
1703,29850282,0,1,1
1704,4264326,3,0,0
1705,38379096,0,1,1
1706,5482728,6,0,0
1707,49344876,0,1,1
1708,7049268,2,0,0
1709,63443520,0,1,1
1710,9063360,5,0,0
1711,81570510,0,1,1
1712,11652930,2,0,0
1713,104876478,0,1,1
1714,14982354,2,0,0
1715,134841294,0,1,1
1716,19263042,1,0,0
1717,173367432,0,1,1
1718,24766776,6,0,0
1719,222901308,0,1,1
1720,31843044,2,0,0
1721,286587504,0,1,1
1722,40941072,4,0,0
1723,368469864,0,1,1
1724,52638552,1,0,0
1725,473747022,0,1,1
1726,67678146,4,0,0
1727,609103530,0,1,1
1728,87014790,2,0,0
1729,783133218,0,1,1
1730,111876174,4,0,0
1731,1006885782,0,1,1
1732,143840826,3,0,0
1733,1294567596,0,1,1
1734,184938228,6,0,0
1735,1664444376,0,1,1
1736,237777768,4,0,0
1737,2140000128,0,1,2
1738,305714304,0,1,1
1739,43673472,3,0,0
1740,393061410,0,1,1
1741,56151630,3,0,0
1742,505364832,0,1,2
1743,72194976,0,1,1
1744,10313568,6,0,0
1745,92822436,0,1,1
1746,13260348,3,0,0
1747,119343294,0,1,1
1748,17049042,3,0,0
1749,153441540,0,1,2
1750,21920220,0,1,1
1751,3131460,3,0,0
1752,28183302,0,1,1
1753,4026186,3,0,0
1754,36235836,0,1,1
1755,5176548,6,0,0
1756,46589256,0,1,1
1757,6655608,1,0,0
1758,59900526,0,1,1
1759,8557218,5,0,0
1760,77015232,0,1,1
1761,11002176,3,0,0
1762,99019746,0,1,1
1763,14145678,1,0,0
1764,127311156,0,1,1
1765,18187308,6,0,0
1766,163686096,0,1,1
1767,23383728,4,0,0
1768,210453768,0,1,1
1769,30064824,6,0,0
1770,270583740,0,1,1
1771,38654820,1,0,0
1772,347893434,0,1,2
1773,49699062,0,1,1
1774,7099866,4,0,0
1775,63899010,0,1,1
1776,9128430,3,0,0
1777,82156032,0,1,1
1778,11736576,5,0,0
1779,105629454,0,1,1
1780,15089922,1,0,0
1781,135809352,0,1,1
1782,19401336,3,0,0
1783,174612186,0,1,2
1784,24944598,0,1,1
1785,3563514,3,0,0
1786,32071788,0,1,1
1787,4581684,2,0,0
1788,41235264,0,1,2
1789,5890752,0,1,1
1790,841536,3,0,0
1791,7573986,0,1,1
1792,1081998,1,0,0
1793,9738036,0,1,1
1794,1391148,3,0,0
1795,12520494,0,1,1
1796,1788642,2,0,0
1797,16097886,0,1,1
1798,2299698,2,0,0
1799,20697390,0,1,1
1800,2956770,5,0,0
1801,26611200,0,1,1
1802,3801600,5,0,0
1803,34214670,0,1,1
1804,4887810,4,0,0
1805,43990506,0,1,1
1806,6284358,3,0,0
1807,56559384,0,1,1
1808,8079912,1,0,0
1809,72719262,0,1,1
1810,10388466,4,0,0
1811,93496410,0,1,2
1812,13356630,0,1,1
1813,1908090,2,0,0
1814,17172918,0,1,1
1815,2453274,5,0,0
1816,22079736,0,1,1
1817,3154248,6,0,0
1818,28388556,0,1,1
1819,4055508,2,0,0
1820,36499680,0,1,1
1821,5214240,3,0,0
1822,46928322,0,1,1
1823,6704046,6,0,0
1824,60336738,0,1,2
1825,8619534,0,1,1
1826,1231362,6,0,0
1827,11082582,0,1,1
1828,1583226,1,0,0
1829,14249088,0,1,1
1830,2035584,5,0,0
1831,18320526,0,1,1
1832,2617218,2,0,0
1833,23555070,0,1,1
1834,3365010,5,0,0
1835,30285360,0,1,1
1836,4326480,4,0,0
1837,38938536,0,1,2
1838,5562648,0,1,1
1839,794664,3,0,0
1840,7152138,0,1,2
1841,1021734,0,1,1
1842,145962,5,0,0
1843,1313928,0,1,1
1844,187704,6,0,0
1845,1689660,0,1,1
1846,241380,6,0,0
1847,2172744,0,1,1
1848,310392,5,0,0
1849,2793798,0,1,1
1850,399114,2,0,0
1851,3592134,0,1,1
1852,513162,6,0,0
1853,4618782,0,1,1
1854,659826,6,0,0
1855,5938758,0,1,1
1856,848394,1,0,0
1857,7635600,0,1,1
1858,1090800,4,0,0
1859,9817416,0,1,1
1860,1402488,3,0,0
1861,12622554,0,1,1
1862,1803222,1,0,0
1863,16229052,0,1,1
1864,2318436,1,0,0
1865,20865978,0,1,1
1866,2980854,2,0,0
1867,26827794,0,1,2
1868,3832542,0,1,1
1869,547506,1,0,0
1870,4927608,0,1,1
1871,703944,3,0,0
1872,6335658,0,1,1
1873,905094,1,0,0
1874,8145900,0,1,1
1875,1163700,6,0,0
1876,10473624,0,1,1
1877,1496232,3,0,0
1878,13466250,0,1,1
1879,1923750,3,0,0
1880,17313912,0,1,1
1881,2473416,1,0,0
1882,22260798,0,1,2
1883,3180114,0,1,1
1884,454302,2,0,0
1885,4088826,0,1,1
1886,584118,3,0,0
1887,5257224,0,1,1
1888,751032,2,0,0
1889,6759396,0,1,1
1890,965628,6,0,0
1891,8690976,0,1,1
1892,1241568,6,0,0
1893,11174436,0,1,1
1894,1596348,5,0,0
1895,14367402,0,1,1
1896,2052486,2,0,0
1897,18472482,0,1,1
1898,2638926,3,0,0
1899,23750496,0,1,2
1900,3392928,0,1,1
1901,484704,3,0,0
1902,4362498,0,1,1
1903,623214,4,0,0
1904,5609142,0,1,1
1905,801306,2,0,0
1906,7211862,0,1,1
1907,1030266,6,0,0
1908,9272718,0,1,1
1909,1324674,1,0,0
1910,11922120,0,1,1
1911,1703160,4,0,0
1912,15328656,0,1,1
1913,2189808,5,0,0
1914,19708542,0,1,1
1915,2815506,1,0,0
1916,25339608,0,1,1
1917,3619944,6,0,0
1918,32579820,0,1,1
1919,4654260,2,0,0
1920,41888448,0,1,1
1921,5984064,2,0,0
1922,53856684,0,1,2
1923,7693812,0,1,1
1924,1099116,4,0,0
1925,9892260,0,1,1
1926,1413180,6,0,0
1927,12718944,0,1,1
1928,1816992,2,0,0
1929,16353036,0,1,1
1930,2336148,3,0,0
1931,21025494,0,1,1
1932,3003642,5,0,0
1933,27033048,0,1,1
1934,3861864,6,0,0
1935,34757100,0,1,1
1936,4965300,4,0,0
1937,44687916,0,1,1
1938,6383988,2,0,0
1939,57456000,0,1,1
1940,8208000,3,0,0
1941,73872162,0,1,1
1942,10553166,1,0,0
1943,94978548,0,1,1
1944,13568364,5,0,0
1945,122115546,0,1,3
1946,17445078,0,1,2
1947,2492154,0,1,1
1948,356022,2,0,0
1949,3204306,0,1,3
1950,457758,0,1,2
1951,65394,0,1,1
1952,9342,4,0,0
1953,84294,0,1,1
1954,12042,2,0,0
1955,108486,0,1,2
1956,15498,0,1,1
1957,2214,2,0,0
1958,20034,0,1,1
1959,2862,6,0,0
1960,26082,0,1,1
1961,3726,2,0,0
1962,33642,0,1,1
1963,4806,4,0,0
1964,43470,0,1,1
1965,6210,1,0,0
1966,55944,0,1,1
1967,7992,5,0,0
1968,72198,0,1,1
1969,10314,3,0,0
1970,92988,0,1,1
1971,13284,5,0,0
1972,119826,0,1,1
1973,17118,3,0,0
1974,154224,0,1,1
1975,22032,3,0,0
1976,198450,0,1,2
1977,28350,0,1,1
1978,4050,4,0,0
1979,36666,0,1,1
1980,5238,2,0,0
1981,47250,0,1,1
1982,6750,2,0,0
1983,60858,0,1,2
1984,8694,0,1,1
1985,1242,3,0,0
1986,11340,0,1,1
1987,1620,3,0,0
1988,14742,0,1,1
1989,2106,6,0,0
1990,19278,0,1,1
1991,2754,3,0,0
1992,24948,0,1,1
1993,3564,1,0,0
1994,32130,0,1,1
1995,4590,5,0,0
1996,41580,0,1,1
1997,5940,4,0,0
1998,53676,0,1,1
1999,7668,3,0,0
2000,69174,0,1,1
2001,9882,5,0,0
2002,89208,0,1,1
2003,12744,4,0,0
2004,114912,0,1,1
2005,16416,1,0,0
2006,147798,0,1,1
2007,21114,2,0,0
2008,190134,0,1,1
2009,27162,2,0,0
2010,244566,0,1,1
2011,34938,1,0,0
2012,314496,0,1,1
2013,44928,2,0,0
2014,404460,0,1,1
2015,57780,2,0,0
2016,520128,0,1,1
2017,74304,6,0,0
2018,669060,0,1,1
2019,95580,2,0,0
2020,860328,0,1,1
2021,122904,5,0,0
2022,1106406,0,1,1
2023,158058,5,0,0
2024,1422792,0,1,1
2025,203256,4,0,0
2026,1829520,0,1,1
2027,261360,1,0,0
2028,2352294,0,1,3
2029,336042,0,1,2
2030,48006,0,1,1
2031,6858,5,0,0
2032,61992,0,1,1
2033,8856,1,0,0
2034,79758,0,1,1
2035,11394,5,0,0
2036,102816,0,1,1
2037,14688,2,0,0
2038,132300,0,1,2
2039,18900,0,1,1
2040,2700,5,0,0
2041,24570,0,1,1
2042,3510,3,0,0
2043,31752,0,1,2
2044,4536,0,1,1
2045,648,4,0,0
2046,6048,0,1,1
2047,864,3,0,0
2048,7938,0,1,2
2049,1134,0,1,1
2050,162,1,0,0
2051,1512,0,1,1
2052,216,6,0,0
2053,2268,0,1,1
2054,324,2,0,0
2055,3024,0,1,1
2056,432,5,0,0
2057,4158,0,1,1
2058,594,6,0,0
2059,5670,0,1,1
2060,810,5,0,0
2061,7560,0,1,1
2062,1080,2,0,0
2063,9828,0,1,1
2064,1404,4,0,0
2065,12852,0,1,1
2066,1836,2,0,0
2067,16632,0,1,1
2068,2376,3,0,0
2069,21546,0,1,1
2070,3078,5,0,0
2071,27972,0,1,1
2072,3996,6,0,0
2073,36288,0,1,1
2074,5184,4,0,0
2075,46872,0,1,1
2076,6696,4,0,0
2077,60480,0,1,1
2078,8640,2,0,0
2079,77868,0,1,1
2080,11124,1,0,0
2081,100170,0,1,1
2082,14310,2,0,0
2083,128898,0,1,1
2084,18414,4,0,0
2085,165942,0,1,1
2086,23706,4,0,0
2087,213570,0,1,1
2088,30510,4,0,0
2089,274806,0,1,1
2090,39258,2,0,0
2091,353430,0,1,1
2092,50490,6,0,0
2093,454734,0,1,1
2094,64962,2,0,0
2095,584766,0,1,2
2096,83538,0,1,1
2097,11934,6,0,0
2098,107730,0,1,1
2099,15390,4,0,0
2100,138726,0,1,1
2101,19818,1,0,0
2102,178416,0,1,1
2103,25488,1,0,0
2104,229446,0,1,1
2105,32778,4,0,0
2106,295218,0,1,1
2107,42174,6,0,0
2108,379890,0,1,1
2109,54270,6,0,0
2110,488754,0,1,1
2111,69822,4,0,0
2112,628614,0,1,1
2113,89802,6,0,0
2114,808542,0,1,1
2115,115506,6,0,0
2116,1039878,0,1,2
2117,148554,0,1,1
2118,21222,5,0,0
2119,191268,0,1,1
2120,27324,3,0,0
2121,246078,0,1,2
2122,35154,0,1,1
2123,5022,3,0,0
2124,45360,0,1,1
2125,6480,5,0,0
2126,58590,0,1,1
2127,8370,5,0,0
2128,75600,0,1,1
2129,10800,6,0,0
2130,97524,0,1,1
2131,13932,2,0,0
2132,125496,0,1,1
2133,17928,1,0,0
2134,161406,0,1,2
2135,23058,0,1,1
2136,3294,4,0,0
2137,29862,0,1,1
2138,4266,3,0,0
2139,38556,0,1,1
2140,5508,6,0,0
2141,49896,0,1,1
2142,7128,2,0,0
2143,64260,0,1,1
2144,9180,3,0,0
2145,82782,0,1,1
2146,11826,3,0,0
2147,106596,0,1,1
2148,15228,3,0,0
2149,137214,0,1,1
2150,19602,2,0,0
2151,176526,0,1,1
2152,25218,4,0,0
2153,227178,0,1,1
2154,32454,2,0,0
2155,292194,0,1,1
2156,41742,1,0,0
2157,375732,0,1,2
2158,53676,0,1,1
