k,i,j,max_proved,status,reason
2,1,0,10000000,OK,Cycle
2,1,1,10000000,OK,Cycle
2,1,2,10000000,OK,Cycle
2,1,3,10000000,OK,Cycle
2,2,0,2,FAILED,divergence_threshold
2,2,1,10000000,OK,Cycle
2,2,2,0,FAILED,divergence_threshold
2,2,3,10000000,OK,Cycle
3,1,0,10000000,OK,Cycle
3,1,1,10000000,OK,Cycle
3,1,2,10000000,OK,Cycle
3,1,3,10000000,OK,Cycle
3,1,4,10000000,OK,Cycle
3,1,5,10000000,OK,Cycle
3,2,0,10000000,OK,Cycle
3,2,1,10000000,OK,Cycle
3,2,2,10000000,OK,Cycle
3,2,3,10000000,OK,Cycle
3,2,4,10000000,OK,Cycle
3,2,5,10000000,OK,Cycle
3,2,0,
3,2,1,
3,2,2,10000000,OK,Cycle
3,2,3,
3,2,4,
3,2,5,10000000,OK,Cycle
5,1,0,10000000,OK,Cycle
5,1,1,10000000,OK,Cycle
5,1,2,10000000,OK,Cycle
5,1,3,10000000,OK,Cycle
5,1,4,10000000,OK,Cycle
5,1,5,10000000,OK,Cycle
5,1,6,10000000,OK,Cycle
5,1,7,10000000,OK,Cycle
5,1,8,10000000,OK,Cycle
5,1,9,10000000,OK,Cycle
5,2,0,10000000,OK,Cycle
5,2,1,10000000,OK,Cycle
5,2,2,10000000,OK,Cycle
5,2,3,10000000,OK,Cycle
5,2,4,10000000,OK,Cycle
5,2,5,10000000,OK,Cycle
5,2,6,10000000,OK,Cycle
5,2,7,10000000,OK,Cycle
5,2,8,10000000,OK,Cycle
5,2,9,10000000,OK,Cycle
5,3,0,141,FAILED,divergence_threshold
5,3,1,8,FAILED,divergence_threshold
5,3,2,25,FAILED,divergence_threshold
5,3,3,53,FAILED,divergence_threshold
5,3,4,37,FAILED,divergence_threshold
5,3,5,1,FAILED,divergence_threshold
5,3,6,0,FAILED,divergence_threshold
5,3,7,73,FAILED,divergence_threshold
5,3,8,1,FAILED,divergence_threshold
5,3,9,86,FAILED,divergence_threshold
7,1,0,10000000,OK,Cycle
7,1,1,10000000,OK,Cycle
7,1,2,10000000,OK,Cycle
7,1,3,10000000,OK,Cycle
7,1,4,10000000,OK,Cycle
7,1,5,10000000,OK,Cycle
7,1,6,10000000,OK,Cycle
7,1,7,10000000,OK,Cycle
7,1,8,10000000,OK,Cycle
7,1,9,10000000,OK,Cycle
7,1,10,10000000,OK,Cycle
7,1,11,10000000,OK,Cycle
7,1,12,10000000,OK,Cycle
7,1,13,10000000,OK,Cycle
7,2,0,7449,FAILED,divergence_threshold
7,2,1,2231,FAILED,divergence_threshold
7,2,2,34926,FAILED,divergence_threshold
7,2,3,24061,FAILED,divergence_threshold
7,2,4,11600,FAILED,divergence_threshold
7,2,5,3169,FAILED,divergence_threshold
7,2,6,14372,FAILED,divergence_threshold
7,2,7,65268,FAILED,divergence_threshold
7,2,8,249436,FAILED,divergence_threshold
7,2,9,1178,FAILED,divergence_threshold
7,2,10,15619,FAILED,divergence_threshold
7,2,11,25113,FAILED,divergence_threshold
7,2,12,2735,FAILED,divergence_threshold
7,2,13,40877,FAILED,divergence_threshold
7,3,0,37,FAILED,divergence_threshold
7,3,1,54,FAILED,divergence_threshold
7,3,2,0,FAILED,divergence_threshold
7,3,3,122,FAILED,divergence_threshold
7,3,4,341,FAILED,divergence_threshold
7,3,5,122,FAILED,divergence_threshold
7,3,6,35,FAILED,divergence_threshold
7,3,7,164,FAILED,divergence_threshold
7,3,8,12,FAILED,divergence_threshold
7,3,9,250,FAILED,divergence_threshold
7,3,10,0,FAILED,divergence_threshold
7,3,11,94,FAILED,divergence_threshold
7,3,12,3,FAILED,divergence_threshold
7,3,13,0,FAILED,divergence_threshold
11,1,0,10000000,OK,Cycle
11,1,1,10000000,OK,Cycle
11,1,2,10000000,OK,Cycle
11,1,3,10000000,OK,Cycle
11,1,4,10000000,OK,Cycle
11,1,5,10000000,OK,Cycle
11,1,6,10000000,OK,Cycle
11,1,7,10000000,OK,Cycle
11,1,8,10000000,OK,Cycle
11,1,9,10000000,OK,Cycle
11,1,10,10000000,OK,Cycle
11,1,11,10000000,OK,Cycle
11,1,12,10000000,OK,Cycle
11,1,13,10000000,OK,Cycle
11,1,14,10000000,OK,Cycle
11,1,15,10000000,OK,Cycle
11,1,16,10000000,OK,Cycle
11,1,17,10000000,OK,Cycle
11,1,18,10000000,OK,Cycle
11,1,19,10000000,OK,Cycle
11,1,20,10000000,OK,Cycle
11,1,21,10000000,OK,Cycle
11,2,0,10000000,OK,Cycle
11,2,1,10000000,OK,Cycle
11,2,2,10000000,OK,Cycle
11,2,3,10000000,OK,Cycle
11,2,4,10000000,OK,Cycle
11,2,5,10000000,OK,Cycle
11,2,6,10000000,OK,Cycle
11,2,7,10000000,OK,Cycle
11,2,8,10000000,OK,Cycle
11,2,9,10000000,OK,Cycle
11,2,10,10000000,OK,Cycle
11,2,11,10000000,OK,Cycle
11,2,12,10000000,OK,Cycle
11,2,13,10000000,OK,Cycle
11,2,14,10000000,OK,Cycle
11,2,15,10000000,OK,Cycle
11,2,16,10000000,OK,Cycle
11,2,17,10000000,OK,Cycle
11,2,18,10000000,OK,Cycle
11,2,19,10000000,OK,Cycle
11,2,20,10000000,OK,Cycle
11,2,21,10000000,OK,Cycle
11,3,0,165,FAILED,divergence_threshold
11,3,1,754,FAILED,divergence_threshold
11,3,2,1032,FAILED,divergence_threshold
11,3,3,730,FAILED,divergence_threshold
11,3,4,1063,FAILED,divergence_threshold
11,3,5,360,FAILED,divergence_threshold
11,3,6,9710,FAILED,divergence_threshold
11,3,7,6,FAILED,divergence_threshold
11,3,8,5651,FAILED,divergence_threshold
11,3,9,5504,FAILED,divergence_threshold
11,3,10,321,FAILED,divergence_threshold
11,3,11,1312,FAILED,divergence_threshold
11,3,12,1,FAILED,divergence_threshold
11,3,13,9238,FAILED,divergence_threshold
11,3,14,2951,FAILED,divergence_threshold
11,3,15,4362,FAILED,divergence_threshold
11,3,16,189,FAILED,divergence_threshold
11,3,17,3568,FAILED,divergence_threshold
11,3,18,1879,FAILED,divergence_threshold
11,3,19,324,FAILED,divergence_threshold
11,3,20,1790,FAILED,divergence_threshold
11,3,21,12,FAILED,divergence_threshold
13,1,0,10000000,OK,Cycle
13,1,1,10000000,OK,Cycle
13,1,2,10000000,OK,Cycle
13,1,3,10000000,OK,Cycle
13,1,4,10000000,OK,Cycle
13,1,5,10000000,OK,Cycle
13,1,6,10000000,OK,Cycle
13,1,7,10000000,OK,Cycle
13,1,8,10000000,OK,Cycle
13,1,9,10000000,OK,Cycle
13,1,10,10000000,OK,Cycle
13,1,11,10000000,OK,Cycle
13,1,12,10000000,OK,Cycle
13,1,13,10000000,OK,Cycle
13,1,14,10000000,OK,Cycle
13,1,15,10000000,OK,Cycle
13,1,16,10000000,OK,Cycle
13,1,17,10000000,OK,Cycle
13,1,18,10000000,OK,Cycle
13,1,19,10000000,OK,Cycle
13,1,20,10000000,OK,Cycle
13,1,21,10000000,OK,Cycle
13,1,22,10000000,OK,Cycle
13,1,23,10000000,OK,Cycle
13,1,24,10000000,OK,Cycle
13,1,25,10000000,OK,Cycle
13,2,0,10000000,OK,Cycle
13,2,1,10000000,OK,Cycle
13,2,2,10000000,OK,Cycle
13,2,3,10000000,OK,Cycle
13,2,4,10000000,OK,Cycle
13,2,5,10000000,OK,Cycle
13,2,6,10000000,OK,Cycle
13,2,7,10000000,OK,Cycle
13,2,8,10000000,OK,Cycle
13,2,9,10000000,OK,Cycle
13,2,10,10000000,OK,Cycle
13,2,11,10000000,OK,Cycle
13,2,12,10000000,OK,Cycle
13,2,13,10000000,OK,Cycle
13,2,14,10000000,OK,Cycle
13,2,15,10000000,OK,Cycle
13,2,16,10000000,OK,Cycle
13,2,17,10000000,OK,Cycle
13,2,18,10000000,OK,Cycle
13,2,19,10000000,OK,Cycle
13,2,20,10000000,OK,Cycle
13,2,21,10000000,OK,Cycle
13,2,22,10000000,OK,Cycle
13,2,23,10000000,OK,Cycle
13,2,24,10000000,OK,Cycle
13,2,25,10000000,OK,Cycle
13,3,0,10000000,OK,Cycle
13,3,1,10000000,OK,Cycle
13,3,2,10000000,OK,Cycle
13,3,3,8,10000000,OK,Cycle
13,3,4,48,10000000,OK,Cycle
13,3,5,10000000,OK,Cycle
13,3,6,10000000,OK,Cycle
13,3,7,10000000,OK,Cycle
13,3,8,10000000,OK,Cycle
13,3,9,10000000,OK,Cycle
13,3,10,10000000,OK,Cycle
13,3,11,10000000,OK,Cycle
13,3,12,10000000,OK,Cycle
13,3,13,10000000,OK,Cycle
13,3,14,10000000,OK,Cycle
13,3,15,10000000,OK,Cycle
13,3,16,10000000,OK,Cycle
13,3,17,10000000,OK,Cycle
13,3,18,10000000,OK,Cycle
13,3,19,10000000,OK,Cycle
13,3,20,10000000,OK,Cycle
13,3,21,10000000,OK,Cycle
13,3,22,10000000,OK,Cycle
13,3,23,10000000,OK,Cycle
13,3,24,10000000,OK,Cycle
13,3,25,10000000,OK,Cycle
13,4,0,67,FAILED,divergence_threshold
13,4,1,97,FAILED,divergence_threshold
13,4,2,1,FAILED,divergence_threshold
13,4,3,4,FAILED,divergence_threshold
13,4,4,10,FAILED,divergence_threshold
13,4,5,0,FAILED,divergence_threshold
13,4,6,1,FAILED,divergence_threshold
13,4,7,2,FAILED,divergence_threshold
13,4,8,3,FAILED,divergence_threshold
13,4,9,0,FAILED,divergence_threshold
13,4,10,1,FAILED,divergence_threshold
13,4,11,0,FAILED,divergence_threshold
13,4,12,13,FAILED,divergence_threshold
13,4,13,0,FAILED,divergence_threshold
13,4,14,1,FAILED,divergence_threshold
13,4,15,0,FAILED,divergence_threshold
13,4,16,1337,FAILED,divergence_threshold
13,4,17,0,FAILED,divergence_threshold
13,4,18,0,FAILED,divergence_threshold
13,4,19,0,FAILED,divergence_threshold
13,4,20,0,FAILED,divergence_threshold
13,4,21,1,FAILED,divergence_threshold
13,4,22,0,FAILED,divergence_threshold
13,4,23,0,FAILED,divergence_threshold
13,4,24,0,FAILED,divergence_threshold
13,4,25,0,FAILED,divergence_threshold
17,1,0,10000000,OK,Cycle
17,1,1,10000000,OK,Cycle
17,1,2,10000000,OK,Cycle
17,1,3,10000000,OK,Cycle
17,1,4,10000000,OK,Cycle
17,1,5,10000000,OK,Cycle
17,1,6,10000000,OK,Cycle
17,1,7,10000000,OK,Cycle
17,1,8,10000000,OK,Cycle
17,1,9,10000000,OK,Cycle
17,1,10,10000000,OK,Cycle
17,1,11,10000000,OK,Cycle
17,1,12,10000000,OK,Cycle
17,1,13,10000000,OK,Cycle
17,1,14,10000000,OK,Cycle
17,1,15,10000000,OK,Cycle
17,1,16,10000000,OK,Cycle
17,1,17,10000000,OK,Cycle
17,1,18,10000000,OK,Cycle
17,1,19,10000000,OK,Cycle
17,1,20,10000000,OK,Cycle
17,1,21,10000000,OK,Cycle
17,1,22,10000000,OK,Cycle
17,1,23,10000000,OK,Cycle
17,1,24,10000000,OK,Cycle
17,1,25,10000000,OK,Cycle
17,1,26,10000000,OK,Cycle
17,1,27,10000000,OK,Cycle
17,1,28,10000000,OK,Cycle
17,1,29,10000000,OK,Cycle
17,1,30,10000000,OK,Cycle
17,1,31,10000000,OK,Cycle
17,1,32,10000000,OK,Cycle
17,1,33,10000000,OK,Cycle
17,2,0,10000000,OK,Cycle
17,2,1,10000000,OK,Cycle
17,2,2,10000000,OK,Cycle
17,2,3,10000000,OK,Cycle
17,2,4,10000000,OK,Cycle
17,2,5,10000000,OK,Cycle
17,2,6,10000000,OK,Cycle
17,2,7,10000000,OK,Cycle
17,2,8,10000000,OK,Cycle
17,2,9,10000000,OK,Cycle
17,2,10,10000000,OK,Cycle
17,2,11,10000000,OK,Cycle
17,2,12,10000000,OK,Cycle
17,2,13,10000000,OK,Cycle
17,2,14,10000000,OK,Cycle
17,2,15,10000000,OK,Cycle
17,2,16,10000000,OK,Cycle
17,2,17,10000000,OK,Cycle
17,2,18,10000000,OK,Cycle
17,2,19,10000000,OK,Cycle
17,2,20,10000000,OK,Cycle
17,2,21,10000000,OK,Cycle
17,2,22,10000000,OK,Cycle
17,2,23,10000000,OK,Cycle
17,2,24,10000000,OK,Cycle
17,2,25,10000000,OK,Cycle
17,2,26,10000000,OK,Cycle
17,2,27,10000000,OK,Cycle
17,2,28,10000000,OK,Cycle
17,2,29,10000000,OK,Cycle
17,2,30,10000000,OK,Cycle
17,2,31,10000000,OK,Cycle
17,2,32,10000000,OK,Cycle
17,2,33,10000000,OK,Cycle
17,3,0,10000000,OK,Cycle
17,3,1,10000000,OK,Cycle
17,3,2,10000000,OK,Cycle
17,3,3,10000000,OK,Cycle
17,3,4,10000000,OK,Cycle
17,3,5,10000000,OK,Cycle
17,3,6,10000000,OK,Cycle
17,3,7,10000000,OK,Cycle
17,3,8,10000000,OK,Cycle
17,3,9,10000000,OK,Cycle
17,3,10,10000000,OK,Cycle
17,3,11,10000000,OK,Cycle
17,3,12,10000000,OK,Cycle
17,3,13,10000000,OK,Cycle
17,3,14,10000000,OK,Cycle
17,3,15,10000000,OK,Cycle
17,3,16,10000000,OK,Cycle
17,3,17,10000000,OK,Cycle
17,3,18,10000000,OK,Cycle
17,3,19,10000000,OK,Cycle
17,3,20,10000000,OK,Cycle
17,3,21,10000000,OK,Cycle
17,3,22,10000000,OK,Cycle
17,3,23,10000000,OK,Cycle
17,3,24,10000000,OK,Cycle
17,3,25,10000000,OK,Cycle
17,3,26,10000000,OK,Cycle
17,3,27,10000000,OK,Cycle
17,3,28,10000000,OK,Cycle
17,3,29,10000000,OK,Cycle
17,3,30,10000000,OK,Cycle
17,3,31,10000000,OK,Cycle
17,3,32,10000000,OK,Cycle
17,3,33,10000000,OK,Cycle
17,4,0,58,FAILED,divergence_threshold
17,4,1,56,FAILED,divergence_threshold
17,4,2,1,FAILED,divergence_threshold
17,4,3,0,FAILED,divergence_threshold
17,4,4,0,FAILED,divergence_threshold
17,4,5,400,FAILED,divergence_threshold
17,4,6,899,FAILED,divergence_threshold
17,4,7,0,FAILED,divergence_threshold
17,4,8,2,FAILED,divergence_threshold
17,4,9,0,FAILED,divergence_threshold
17,4,10,1,FAILED,divergence_threshold
17,4,11,6,FAILED,divergence_threshold
17,4,12,2,FAILED,divergence_threshold
17,4,13,6,FAILED,divergence_threshold
17,4,14,0,FAILED,divergence_threshold
17,4,15,0,FAILED,divergence_threshold
17,4,16,17,FAILED,divergence_threshold
17,4,17,0,FAILED,divergence_threshold
17,4,18,0,FAILED,divergence_threshold
17,4,19,2,FAILED,divergence_threshold
17,4,20,6,FAILED,divergence_threshold
17,4,21,0,FAILED,divergence_threshold
17,4,22,0,FAILED,divergence_threshold
17,4,23,3,FAILED,divergence_threshold
17,4,24,1,FAILED,divergence_threshold
17,4,25,0,FAILED,divergence_threshold
17,4,26,0,FAILED,divergence_threshold
17,4,27,2,FAILED,divergence_threshold
17,4,28,0,FAILED,divergence_threshold
17,4,29,0,FAILED,divergence_threshold
17,4,30,0,FAILED,divergence_threshold
17,4,31,1,FAILED,divergence_threshold
17,4,32,2,FAILED,divergence_threshold
17,4,33,0,FAILED,divergence_threshold
19,1,0,10000000,OK,Cycle
19,1,1,10000000,OK,Cycle
19,1,2,10000000,OK,Cycle
19,1,3,10000000,OK,Cycle
19,1,4,10000000,OK,Cycle
19,1,5,10000000,OK,Cycle
19,1,6,10000000,OK,Cycle
19,1,7,10000000,OK,Cycle
19,1,8,10000000,OK,Cycle
19,1,9,10000000,OK,Cycle
19,1,10,10000000,OK,Cycle
19,1,11,10000000,OK,Cycle
19,1,12,10000000,OK,Cycle
19,1,13,10000000,OK,Cycle
19,1,14,10000000,OK,Cycle
19,1,15,10000000,OK,Cycle
19,1,16,10000000,OK,Cycle
19,1,17,10000000,OK,Cycle
19,1,18,10000000,OK,Cycle
19,1,19,10000000,OK,Cycle
19,1,20,10000000,OK,Cycle
19,1,21,10000000,OK,Cycle
19,1,22,10000000,OK,Cycle
19,1,23,10000000,OK,Cycle
19,1,24,10000000,OK,Cycle
19,1,25,10000000,OK,Cycle
19,1,26,10000000,OK,Cycle
19,1,27,10000000,OK,Cycle
19,1,28,10000000,OK,Cycle
19,1,29,10000000,OK,Cycle
19,1,30,10000000,OK,Cycle
19,1,31,10000000,OK,Cycle
19,1,32,10000000,OK,Cycle
19,1,33,10000000,OK,Cycle
19,1,34,10000000,OK,Cycle
19,1,35,10000000,OK,Cycle
19,1,36,10000000,OK,Cycle
19,1,37,10000000,OK,Cycle
19,2,0,10000000,OK,Cycle
19,2,1,10000000,OK,Cycle
19,2,2,10000000,OK,Cycle
19,2,3,10000000,OK,Cycle
19,2,4,10000000,OK,Cycle
19,2,5,10000000,OK,Cycle
19,2,6,10000000,OK,Cycle
19,2,7,10000000,OK,Cycle
19,2,8,10000000,OK,Cycle
19,2,9,10000000,OK,Cycle
19,2,10000000,OK,Cycle
19,2,11,10000000,OK,Cycle
19,2,10000000,OK,Cycle
19,2,10000000,OK,Cycle
19,2,14,10000000,OK,Cycle
19,2,15,10000000,OK,Cycle
19,2,16,10000000,OK,Cycle
19,2,17,10000000,OK,Cycle
19,2,18,10000000,OK,Cycle
19,2,19,10000000,OK,Cycle
19,2,20,10000000,OK,Cycle
19,2,21,10000000,OK,Cycle
19,2,22,10000000,OK,Cycle
19,2,23,10000000,OK,Cycle
19,2,24,10000000,OK,Cycle
19,2,25,10000000,OK,Cycle
19,2,26,10000000,OK,Cycle
19,2,27,10000000,OK,Cycle
19,2,28,10000000,OK,Cycle
19,2,29,10000000,OK,Cycle
19,2,30,10000000,OK,Cycle
19,2,31,10000000,OK,Cycle
19,2,32,10000000,OK,Cycle
19,2,33,10000000,OK,Cycle
19,2,34,10000000,OK,Cycle
19,2,35,10000000,OK,Cycle
19,2,36,10000000,OK,Cycle
19,2,37,10000000,OK,Cycle
19,3,0,10000000,OK,Cycle
19,3,1,10000000,OK,Cycle
19,3,2,10000000,OK,Cycle
19,3,3,10000000,OK,Cycle
19,3,4,10000000,OK,Cycle
19,3,5,10000000,OK,Cycle
19,3,6,10000000,OK,Cycle
19,3,7,10000000,OK,Cycle
19,3,8,10000000,OK,Cycle
19,3,9,10000000,OK,Cycle
19,3,10000000,OK,Cycle
19,3,11,10000000,OK,Cycle
19,3,10000000,OK,Cycle
19,3,10000000,OK,Cycle
19,3,14,10000000,OK,Cycle
19,3,15,10000000,OK,Cycle
19,3,16,10000000,OK,Cycle
19,3,17,10000000,OK,Cycle
19,3,18,10000000,OK,Cycle
19,3,19,10000000,OK,Cycle
19,3,20,10000000,OK,Cycle
19,3,21,10000000,OK,Cycle
19,3,22,10000000,OK,Cycle
19,3,23,10000000,OK,Cycle
19,3,24,10000000,OK,Cycle
19,3,25,10000000,OK,Cycle
19,3,26,10000000,OK,Cycle
19,3,27,10000000,OK,Cycle
19,3,28,10000000,OK,Cycle
19,3,29,10000000,OK,Cycle
19,3,30,10000000,OK,Cycle
19,3,31,10000000,OK,Cycle
19,3,32,10000000,OK,Cycle
19,3,33,10000000,OK,Cycle
19,3,34,10000000,OK,Cycle
19,3,35,10000000,OK,Cycle
19,3,36,10000000,OK,Cycle
19,3,37,10000000,OK,Cycle
19,4,0,22,FAILED,divergence_threshold
19,4,1,14,FAILED,divergence_threshold
19,4,2,0,FAILED,divergence_threshold
19,4,3,2,FAILED,divergence_threshold
19,4,4,1,FAILED,divergence_threshold
19,4,5,0,FAILED,divergence_threshold
19,4,6,2,FAILED,divergence_threshold
19,4,7,19,FAILED,divergence_threshold
19,4,8,1,FAILED,divergence_threshold
19,4,9,0,FAILED,divergence_threshold
19,4,10,1,FAILED,divergence_threshold
19,4,11,0,FAILED,divergence_threshold
19,4,12,0,FAILED,divergence_threshold
19,4,13,0,FAILED,divergence_threshold
19,4,14,0,FAILED,divergence_threshold
19,4,15,0,FAILED,divergence_threshold
19,4,16,0,FAILED,divergence_threshold
19,4,17,2,FAILED,divergence_threshold
19,4,18,27,FAILED,divergence_threshold
19,4,19,0,FAILED,divergence_threshold
19,4,20,0,FAILED,divergence_threshold
19,4,21,0,FAILED,divergence_threshold
19,4,22,12,FAILED,divergence_threshold
19,4,23,0,FAILED,divergence_threshold
19,4,24,0,FAILED,divergence_threshold
19,4,25,0,FAILED,divergence_threshold
19,4,26,0,FAILED,divergence_threshold
19,4,27,0,FAILED,divergence_threshold
19,4,28,0,FAILED,divergence_threshold
19,4,29,0,FAILED,divergence_threshold
19,4,30,0,FAILED,divergence_threshold
19,4,31,0,FAILED,divergence_threshold
19,4,32,0,FAILED,divergence_threshold
19,4,33,0,FAILED,divergence_threshold
19,4,34,0,FAILED,divergence_threshold
19,4,35,0,FAILED,divergence_threshold
19,4,36,0,FAILED,divergence_threshold
19,4,37,2,FAILED,divergence_threshold
23,1,0,10000000,OK,Cycle
23,1,1,10000000,OK,Cycle
23,1,2,10000000,OK,Cycle
23,1,3,10000000,OK,Cycle
23,1,4,10000000,OK,Cycle
23,1,5,10000000,OK,Cycle
23,1,6,10000000,OK,Cycle
23,1,7,10000000,OK,Cycle
23,1,8,10000000,OK,Cycle
23,1,9,10000000,OK,Cycle
23,1,10,10000000,OK,Cycle
23,1,11,10000000,OK,Cycle
23,1,12,10000000,OK,Cycle
23,1,13,10000000,OK,Cycle
23,1,14,10000000,OK,Cycle
23,1,15,10000000,OK,Cycle
23,1,16,10000000,OK,Cycle
23,1,17,10000000,OK,Cycle
23,1,18,10000000,OK,Cycle
23,1,19,10000000,OK,Cycle
23,1,20,10000000,OK,Cycle
23,1,21,10000000,OK,Cycle
23,1,22,10000000,OK,Cycle
23,1,23,10000000,OK,Cycle
23,1,24,10000000,OK,Cycle
23,1,25,10000000,OK,Cycle
23,1,26,10000000,OK,Cycle
23,1,27,10000000,OK,Cycle
23,1,28,10000000,OK,Cycle
23,1,29,10000000,OK,Cycle
23,1,30,10000000,OK,Cycle
23,1,31,10000000,OK,Cycle
23,1,32,10000000,OK,Cycle
23,1,33,10000000,OK,Cycle
23,1,34,10000000,OK,Cycle
23,1,35,10000000,OK,Cycle
23,1,36,10000000,OK,Cycle
23,1,37,10000000,OK,Cycle
23,1,38,10000000,OK,Cycle
23,1,39,10000000,OK,Cycle
23,1,40,10000000,OK,Cycle
23,1,41,10000000,OK,Cycle
23,1,42,10000000,OK,Cycle
23,1,43,10000000,OK,Cycle
23,1,44,10000000,OK,Cycle
23,1,45,10000000,OK,Cycle
23,2,0,10000000,OK,Cycle
23,2,1,10000000,OK,Cycle
23,2,2,10000000,OK,Cycle
23,2,3,10000000,OK,Cycle
23,2,4,10000000,OK,Cycle
23,2,5,10000000,OK,Cycle
23,2,6,10000000,OK,Cycle
23,2,7,10000000,OK,Cycle
23,2,8,10000000,OK,Cycle
23,2,9,10000000,OK,Cycle
23,2,10,10000000,OK,Cycle
23,2,11,10000000,OK,Cycle
23,2,12,10000000,OK,Cycle
23,2,13,10000000,OK,Cycle
23,2,14,10000000,OK,Cycle
23,2,15,10000000,OK,Cycle
23,2,16,10000000,OK,Cycle
23,2,17,10000000,OK,Cycle
23,2,18,10000000,OK,Cycle
23,2,19,10000000,OK,Cycle
23,2,20,10000000,OK,Cycle
23,2,21,10000000,OK,Cycle
23,2,22,10000000,OK,Cycle
23,2,23,10000000,OK,Cycle
23,2,24,10000000,OK,Cycle
23,2,25,10000000,OK,Cycle
23,2,26,10000000,OK,Cycle
23,2,27,10000000,OK,Cycle
23,2,28,10000000,OK,Cycle
23,2,29,10000000,OK,Cycle
23,2,30,10000000,OK,Cycle
23,2,31,10000000,OK,Cycle
23,2,32,10000000,OK,Cycle
23,2,33,10000000,OK,Cycle
23,2,34,10000000,OK,Cycle
23,2,35,10000000,OK,Cycle
23,2,36,10000000,OK,Cycle
23,2,37,10000000,OK,Cycle
23,2,38,10000000,OK,Cycle
23,2,39,10000000,OK,Cycle
23,2,40,10000000,OK,Cycle
23,2,41,10000000,OK,Cycle
23,2,42,10000000,OK,Cycle
23,2,43,10000000,OK,Cycle
23,2,44,10000000,OK,Cycle
23,2,45,10000000,OK,Cycle
23,3,0,10000000,OK,Cycle
23,3,1,10000000,OK,Cycle
23,3,2,10000000,OK,Cycle
23,3,3,10000000,OK,Cycle
23,3,4,10000000,OK,Cycle
23,3,5,10000000,OK,Cycle
23,3,6,10000000,OK,Cycle
23,3,7,10000000,OK,Cycle
23,3,8,10000000,OK,Cycle
23,3,9,10000000,OK,Cycle
23,3,10,10000000,OK,Cycle
23,3,11,10000000,OK,Cycle
23,3,12,10000000,OK,Cycle
23,3,13,10000000,OK,Cycle
23,3,14,10000000,OK,Cycle
23,3,15,10000000,OK,Cycle
23,3,16,10000000,OK,Cycle
23,3,17,10000000,OK,Cycle
23,3,18,10000000,OK,Cycle
23,3,19,10000000,OK,Cycle
23,3,20,10000000,OK,Cycle
23,3,21,10000000,OK,Cycle
23,3,22,10000000,OK,Cycle
23,3,23,10000000,OK,Cycle
23,3,24,10000000,OK,Cycle
23,3,25,10000000,OK,Cycle
23,3,26,10000000,OK,Cycle
23,3,27,10000000,OK,Cycle
23,3,28,10000000,OK,Cycle
23,3,29,10000000,OK,Cycle
23,3,30,10000000,OK,Cycle
23,3,31,10000000,OK,Cycle
23,3,32,10000000,OK,Cycle
23,3,33,10000000,OK,Cycle
23,3,34,10000000,OK,Cycle
23,3,35,10000000,OK,Cycle
23,3,36,10000000,OK,Cycle
23,3,37,10000000,OK,Cycle
23,3,38,10000000,OK,Cycle
23,3,39,10000000,OK,Cycle
23,3,40,10000000,OK,Cycle
23,3,41,10000000,OK,Cycle
23,3,42,10000000,OK,Cycle
23,3,43,10000000,OK,Cycle
23,3,44,10000000,OK,Cycle
23,3,45,10000000,OK,Cycle
23,4,0,51,FAILED,divergence_threshold
23,4,1,0,FAILED,divergence_threshold
23,4,2,40,FAILED,divergence_threshold
23,4,3,4,FAILED,divergence_threshold
23,4,4,13,FAILED,divergence_threshold
23,4,5,2,FAILED,divergence_threshold
23,4,6,1,FAILED,divergence_threshold
23,4,7,1,FAILED,divergence_threshold
23,4,8,181,FAILED,divergence_threshold
23,4,9,0,FAILED,divergence_threshold
23,4,10,0,FAILED,divergence_threshold
23,4,11,16,FAILED,divergence_threshold
23,4,12,1,FAILED,divergence_threshold
23,4,13,1,FAILED,divergence_threshold
23,4,14,0,FAILED,divergence_threshold
23,4,15,0,FAILED,divergence_threshold
23,4,16,0,FAILED,divergence_threshold
23,4,17,1,FAILED,divergence_threshold
23,4,18,0,FAILED,divergence_threshold
23,4,19,0,FAILED,divergence_threshold
23,4,20,0,FAILED,divergence_threshold
23,4,21,0,FAILED,divergence_threshold
23,4,22,27,FAILED,divergence_threshold
23,4,23,0,FAILED,divergence_threshold
23,4,24,0,FAILED,divergence_threshold
23,4,25,2,FAILED,divergence_threshold
23,4,26,4368,FAILED,divergence_threshold
23,4,27,0,FAILED,divergence_threshold
23,4,28,1,FAILED,divergence_threshold
23,4,29,0,FAILED,divergence_threshold
23,4,30,0,FAILED,divergence_threshold
23,4,31,0,FAILED,divergence_threshold
23,4,32,15,FAILED,divergence_threshold
23,4,33,0,FAILED,divergence_threshold
23,4,34,0,FAILED,divergence_threshold
23,4,35,1,FAILED,divergence_threshold
23,4,36,0,FAILED,divergence_threshold
23,4,37,1,FAILED,divergence_threshold
23,4,38,4,FAILED,divergence_threshold
23,4,39,0,FAILED,divergence_threshold
23,4,40,0,FAILED,divergence_threshold
23,4,41,0,FAILED,divergence_threshold
23,4,42,1,FAILED,divergence_threshold
23,4,43,0,FAILED,divergence_threshold
23,4,44,6,FAILED,divergence_threshold
23,4,45,2,FAILED,divergence_threshold
29,1,0,10000000,OK,Cycle
29,1,1,10000000,OK,Cycle
29,1,2,10000000,OK,Cycle
29,1,3,10000000,OK,Cycle
29,1,4,10000000,OK,Cycle
29,1,5,10000000,OK,Cycle
29,1,6,10000000,OK,Cycle
29,1,7,10000000,OK,Cycle
29,1,8,10000000,OK,Cycle
29,1,9,10000000,OK,Cycle
29,1,10,10000000,OK,Cycle
29,1,11,10000000,OK,Cycle
29,1,12,10000000,OK,Cycle
29,1,13,10000000,OK,Cycle
29,1,14,10000000,OK,Cycle
29,1,15,10000000,OK,Cycle
29,1,16,10000000,OK,Cycle
29,1,17,10000000,OK,Cycle
29,1,18,10000000,OK,Cycle
29,1,19,10000000,OK,Cycle
29,1,20,10000000,OK,Cycle
29,1,21,10000000,OK,Cycle
29,1,22,10000000,OK,Cycle
29,1,23,10000000,OK,Cycle
29,1,24,10000000,OK,Cycle
29,1,25,10000000,OK,Cycle
29,1,26,10000000,OK,Cycle
29,1,27,10000000,OK,Cycle
29,1,28,10000000,OK,Cycle
29,1,29,10000000,OK,Cycle
29,1,30,10000000,OK,Cycle
29,1,31,10000000,OK,Cycle
29,1,32,10000000,OK,Cycle
29,1,33,10000000,OK,Cycle
29,1,34,10000000,OK,Cycle
29,1,35,10000000,OK,Cycle
29,1,36,10000000,OK,Cycle
29,1,37,10000000,OK,Cycle
29,1,38,10000000,OK,Cycle
29,1,39,10000000,OK,Cycle
29,1,40,10000000,OK,Cycle
29,1,41,10000000,OK,Cycle
29,1,42,10000000,OK,Cycle
29,1,43,10000000,OK,Cycle
29,1,44,10000000,OK,Cycle
29,1,45,10000000,OK,Cycle
29,1,46,10000000,OK,Cycle
29,1,47,10000000,OK,Cycle
29,1,48,10000000,OK,Cycle
29,1,49,10000000,OK,Cycle
29,1,50,10000000,OK,Cycle
29,1,51,10000000,OK,Cycle
29,1,52,10000000,OK,Cycle
29,1,53,10000000,OK,Cycle
29,1,54,10000000,OK,Cycle
29,1,55,10000000,OK,Cycle
29,1,56,10000000,OK,Cycle
29,1,57,10000000,OK,Cycle
29,2,0,10000000,OK,Cycle
29,2,1,10000000,OK,Cycle
29,2,2,10000000,OK,Cycle
29,2,3,10000000,OK,Cycle
29,2,4,10000000,OK,Cycle
29,2,5,10000000,OK,Cycle
29,2,6,10000000,OK,Cycle
29,2,7,10000000,OK,Cycle
29,2,8,10000000,OK,Cycle
29,2,9,10000000,OK,Cycle
29,2,10,10000000,OK,Cycle
29,2,11,10000000,OK,Cycle
29,2,12,10000000,OK,Cycle
29,2,13,10000000,OK,Cycle
29,2,14,10000000,OK,Cycle
29,2,15,10000000,OK,Cycle
29,2,16,10000000,OK,Cycle
29,2,17,10000000,OK,Cycle
29,2,18,10000000,OK,Cycle
29,2,19,10000000,OK,Cycle
29,2,20,10000000,OK,Cycle
29,2,21,10000000,OK,Cycle
29,2,22,10000000,OK,Cycle
29,2,23,10000000,OK,Cycle
29,2,24,10000000,OK,Cycle
29,2,25,10000000,OK,Cycle
29,2,26,10000000,OK,Cycle
29,2,27,10000000,OK,Cycle
29,2,28,10000000,OK,Cycle
29,2,29,10000000,OK,Cycle
29,2,30,10000000,OK,Cycle
29,2,31,10000000,OK,Cycle
29,2,32,10000000,OK,Cycle
29,2,33,10000000,OK,Cycle
29,2,34,10000000,OK,Cycle
29,2,35,10000000,OK,Cycle
29,2,36,10000000,OK,Cycle
29,2,37,10000000,OK,Cycle
29,2,38,10000000,OK,Cycle
29,2,39,10000000,OK,Cycle
29,2,40,10000000,OK,Cycle
29,2,41,10000000,OK,Cycle
29,2,42,10000000,OK,Cycle
29,2,43,10000000,OK,Cycle
29,2,44,10000000,OK,Cycle
29,2,45,10000000,OK,Cycle
29,2,46,10000000,OK,Cycle
29,2,47,10000000,OK,Cycle
29,2,48,10000000,OK,Cycle
29,2,49,10000000,OK,Cycle
29,2,50,10000000,OK,Cycle
29,2,51,10000000,OK,Cycle
29,2,52,10000000,OK,Cycle
29,2,53,10000000,OK,Cycle
29,2,54,10000000,OK,Cycle
29,2,55,10000000,OK,Cycle
29,2,56,10000000,OK,Cycle
29,2,57,10000000,OK,Cycle
29,3,0,10000000,OK,Cycle
29,3,1,10000000,OK,Cycle
29,3,2,10000000,OK,Cycle
29,3,3,10000000,OK,Cycle
29,3,4,10000000,OK,Cycle
29,3,5,10000000,OK,Cycle
29,3,6,10000000,OK,Cycle
29,3,7,10000000,OK,Cycle
29,3,8,10000000,OK,Cycle
29,3,9,10000000,OK,Cycle
29,3,10,10000000,OK,Cycle
29,3,11,10000000,OK,Cycle
29,3,12,10000000,OK,Cycle
29,3,13,10000000,OK,Cycle
29,3,14,10000000,OK,Cycle
29,3,15,10000000,OK,Cycle
29,3,16,10000000,OK,Cycle
29,3,17,10000000,OK,Cycle
29,3,18,10000000,OK,Cycle
29,3,19,10000000,OK,Cycle
29,3,20,10000000,OK,Cycle
29,3,21,10000000,OK,Cycle
29,3,22,10000000,OK,Cycle
29,3,23,10000000,OK,Cycle
29,3,24,10000000,OK,Cycle
29,3,25,10000000,OK,Cycle
29,3,26,10000000,OK,Cycle
29,3,27,10000000,OK,Cycle
29,3,28,10000000,OK,Cycle
29,3,29,10000000,OK,Cycle
29,3,30,10000000,OK,Cycle
29,3,31,10000000,OK,Cycle
29,3,32,10000000,OK,Cycle
29,3,33,10000000,OK,Cycle
29,3,34,10000000,OK,Cycle
29,3,35,10000000,OK,Cycle
29,3,36,10000000,OK,Cycle
29,3,37,10000000,OK,Cycle
29,3,38,10000000,OK,Cycle
29,3,39,10000000,OK,Cycle
29,3,40,10000000,OK,Cycle
29,3,41,10000000,OK,Cycle
29,3,42,10000000,OK,Cycle
29,3,43,10000000,OK,Cycle
29,3,44,10000000,OK,Cycle
29,3,45,10000000,OK,Cycle
29,3,46,10000000,OK,Cycle
29,3,47,10000000,OK,Cycle
29,3,48,10000000,OK,Cycle
29,3,49,10000000,OK,Cycle
29,3,50,10000000,OK,Cycle
29,3,51,10000000,OK,Cycle
29,3,52,10000000,OK,Cycle
29,3,53,10000000,OK,Cycle
29,3,54,10000000,OK,Cycle
29,3,55,10000000,OK,Cycle
29,3,56,10000000,OK,Cycle
29,3,57,10000000,OK,Cycle
29,4,0,63,FAILED,divergence_threshold
29,4,1,92,FAILED,divergence_threshold
29,4,2,514,FAILED,divergence_threshold
29,4,3,16,FAILED,divergence_threshold
29,4,4,12,FAILED,divergence_threshold
29,4,5,9,FAILED,divergence_threshold
29,4,6,0,FAILED,divergence_threshold
29,4,7,20,FAILED,divergence_threshold
29,4,8,1,FAILED,divergence_threshold
29,4,9,0,FAILED,divergence_threshold
29,4,10,0,FAILED,divergence_threshold
29,4,11,1,FAILED,divergence_threshold
29,4,12,0,FAILED,divergence_threshold
29,4,13,0,FAILED,divergence_threshold
29,4,14,0,FAILED,divergence_threshold
29,4,15,0,FAILED,divergence_threshold
29,4,16,0,FAILED,divergence_threshold
29,4,17,0,FAILED,divergence_threshold
29,4,18,1,FAILED,divergence_threshold
29,4,19,0,FAILED,divergence_threshold
29,4,20,2,FAILED,divergence_threshold
29,4,21,4580,FAILED,divergence_threshold
29,4,22,0,FAILED,divergence_threshold
29,4,23,0,FAILED,divergence_threshold
29,4,24,1,FAILED,divergence_threshold
29,4,25,0,FAILED,divergence_threshold
29,4,26,3,FAILED,divergence_threshold
29,4,27,0,FAILED,divergence_threshold
29,4,28,31,FAILED,divergence_threshold
29,4,29,7,FAILED,divergence_threshold
29,4,30,0,FAILED,divergence_threshold
29,4,31,0,FAILED,divergence_threshold
29,4,32,3246,FAILED,divergence_threshold
29,4,33,0,FAILED,divergence_threshold
29,4,34,0,FAILED,divergence_threshold
29,4,35,0,FAILED,divergence_threshold
29,4,36,0,FAILED,divergence_threshold
29,4,37,0,FAILED,divergence_threshold
29,4,38,0,FAILED,divergence_threshold
29,4,39,0,FAILED,divergence_threshold
29,4,40,0,FAILED,divergence_threshold
29,4,41,3,FAILED,divergence_threshold
29,4,42,0,FAILED,divergence_threshold
29,4,43,0,FAILED,divergence_threshold
29,4,44,2,FAILED,divergence_threshold
29,4,45,0,FAILED,divergence_threshold
29,4,46,0,FAILED,divergence_threshold
29,4,47,0,FAILED,divergence_threshold
29,4,48,1,FAILED,divergence_threshold
29,4,49,0,FAILED,divergence_threshold
29,4,50,0,FAILED,divergence_threshold
29,4,51,1,FAILED,divergence_threshold
29,4,52,0,FAILED,divergence_threshold
29,4,53,0,FAILED,divergence_threshold
29,4,54,0,FAILED,divergence_threshold
29,4,55,0,FAILED,divergence_threshold
29,4,56,7735,FAILED,divergence_threshold
29,4,57,2,FAILED,divergence_threshold
31,1,0,10000000,OK,Cycle
31,1,1,10000000,OK,Cycle
31,1,2,10000000,OK,Cycle
31,1,3,10000000,OK,Cycle
31,1,4,10000000,OK,Cycle
31,1,5,10000000,OK,Cycle
31,1,6,10000000,OK,Cycle
31,1,7,10000000,OK,Cycle
31,1,8,10000000,OK,Cycle
31,1,9,10000000,OK,Cycle
31,1,10,10000000,OK,Cycle
31,1,11,10000000,OK,Cycle
31,1,12,10000000,OK,Cycle
31,1,13,10000000,OK,Cycle
31,1,14,10000000,OK,Cycle
31,1,15,10000000,OK,Cycle
31,1,16,10000000,OK,Cycle
31,1,17,10000000,OK,Cycle
31,1,18,10000000,OK,Cycle
31,1,19,10000000,OK,Cycle
31,1,20,10000000,OK,Cycle
31,1,21,10000000,OK,Cycle
31,1,22,10000000,OK,Cycle
31,1,23,10000000,OK,Cycle
31,1,24,10000000,OK,Cycle
31,1,25,10000000,OK,Cycle
31,1,26,10000000,OK,Cycle
31,1,27,10000000,OK,Cycle
31,1,28,10000000,OK,Cycle
31,1,29,10000000,OK,Cycle
31,1,30,10000000,OK,Cycle
31,1,31,10000000,OK,Cycle
31,1,32,10000000,OK,Cycle
31,1,33,10000000,OK,Cycle
31,1,34,10000000,OK,Cycle
31,1,35,10000000,OK,Cycle
31,1,36,10000000,OK,Cycle
31,1,37,10000000,OK,Cycle
31,1,38,10000000,OK,Cycle
31,1,39,10000000,OK,Cycle
31,1,40,10000000,OK,Cycle
31,1,41,10000000,OK,Cycle
31,1,42,10000000,OK,Cycle
31,1,43,10000000,OK,Cycle
31,1,44,10000000,OK,Cycle
31,1,45,10000000,OK,Cycle
31,1,46,10000000,OK,Cycle
31,1,47,10000000,OK,Cycle
31,1,48,10000000,OK,Cycle
31,1,49,10000000,OK,Cycle
31,1,50,10000000,OK,Cycle
31,1,51,10000000,OK,Cycle
31,1,52,10000000,OK,Cycle
31,1,53,10000000,OK,Cycle
31,1,54,10000000,OK,Cycle
31,1,55,10000000,OK,Cycle
31,1,56,10000000,OK,Cycle
31,1,57,10000000,OK,Cycle
31,1,58,10000000,OK,Cycle
31,1,59,10000000,OK,Cycle
31,1,60,10000000,OK,Cycle
31,1,61,10000000,OK,Cycle
31,2,0,10000000,OK,Cycle
31,2,1,10000000,OK,Cycle
31,2,2,10000000,OK,Cycle
31,2,3,10000000,OK,Cycle
31,2,4,10000000,OK,Cycle
31,2,5,10000000,OK,Cycle
31,2,6,10000000,OK,Cycle
31,2,7,10000000,OK,Cycle
31,2,8,10000000,OK,Cycle
31,2,9,10000000,OK,Cycle
31,2,10,10000000,OK,Cycle
31,2,11,10000000,OK,Cycle
31,2,12,10000000,OK,Cycle
31,2,13,10000000,OK,Cycle
31,2,14,10000000,OK,Cycle
31,2,15,10000000,OK,Cycle
31,2,16,10000000,OK,Cycle
31,2,17,10000000,OK,Cycle
31,2,18,10000000,OK,Cycle
31,2,19,10000000,OK,Cycle
31,2,20,10000000,OK,Cycle
31,2,21,10000000,OK,Cycle
31,2,22,10000000,OK,Cycle
31,2,23,10000000,OK,Cycle
31,2,24,10000000,OK,Cycle
31,2,25,10000000,OK,Cycle
31,2,26,10000000,OK,Cycle
31,2,27,10000000,OK,Cycle
31,2,28,10000000,OK,Cycle
31,2,29,10000000,OK,Cycle
31,2,30,10000000,OK,Cycle
31,2,31,10000000,OK,Cycle
31,2,32,10000000,OK,Cycle
31,2,33,10000000,OK,Cycle
31,2,34,10000000,OK,Cycle
31,2,35,10000000,OK,Cycle
31,2,36,10000000,OK,Cycle
31,2,37,10000000,OK,Cycle
31,2,38,10000000,OK,Cycle
31,2,39,10000000,OK,Cycle
31,2,40,10000000,OK,Cycle
31,2,41,10000000,OK,Cycle
31,2,42,10000000,OK,Cycle
31,2,43,10000000,OK,Cycle
31,2,44,10000000,OK,Cycle
31,2,45,10000000,OK,Cycle
31,2,46,10000000,OK,Cycle
31,2,47,10000000,OK,Cycle
31,2,48,10000000,OK,Cycle
31,2,49,10000000,OK,Cycle
31,2,50,10000000,OK,Cycle
31,2,51,10000000,OK,Cycle
31,2,52,10000000,OK,Cycle
31,2,53,10000000,OK,Cycle
31,2,54,10000000,OK,Cycle
31,2,55,10000000,OK,Cycle
31,2,56,10000000,OK,Cycle
31,2,57,10000000,OK,Cycle
31,2,58,10000000,OK,Cycle
31,2,59,10000000,OK,Cycle
31,2,60,10000000,OK,Cycle
31,2,61,10000000,OK,Cycle
31,2,0,10000000,OK,Cycle
31,2,1,10000000,OK,Cycle
31,3,0,10000000,OK,Cycle
31,3,1,10000000,OK,Cycle
31,3,2,10000000,OK,Cycle
31,3,3,10000000,OK,Cycle
31,3,4,10000000,OK,Cycle
31,3,5,10000000,OK,Cycle
31,3,6,10000000,OK,Cycle
31,3,7,10000000,OK,Cycle
31,3,8,10000000,OK,Cycle
31,3,9,10000000,OK,Cycle
31,3,10,10000000,OK,Cycle
31,3,11,10000000,OK,Cycle
31,3,12,10000000,OK,Cycle
31,3,13,10000000,OK,Cycle
31,3,14,10000000,OK,Cycle
31,3,15,10000000,OK,Cycle
31,3,16,10000000,OK,Cycle
31,3,17,10000000,OK,Cycle
31,3,18,10000000,OK,Cycle
31,3,19,10000000,OK,Cycle
31,3,20,10000000,OK,Cycle
31,3,21,10000000,OK,Cycle
31,3,22,10000000,OK,Cycle
31,3,23,10000000,OK,Cycle
31,3,24,10000000,OK,Cycle
31,3,25,10000000,OK,Cycle
31,3,26,10000000,OK,Cycle
31,3,27,10000000,OK,Cycle
31,3,28,10000000,OK,Cycle
31,3,29,10000000,OK,Cycle
31,3,30,10000000,OK,Cycle
31,3,31,10000000,OK,Cycle
31,3,32,10000000,OK,Cycle
31,3,33,10000000,OK,Cycle
31,3,34,10000000,OK,Cycle
31,3,35,10000000,OK,Cycle
31,3,36,10000000,OK,Cycle
31,3,37,10000000,OK,Cycle
31,3,38,10000000,OK,Cycle
31,3,39,10000000,OK,Cycle
31,3,40,10000000,OK,Cycle
31,3,41,10000000,OK,Cycle
31,3,42,10000000,OK,Cycle
31,3,43,10000000,OK,Cycle
31,3,44,10000000,OK,Cycle
31,3,45,10000000,OK,Cycle
31,3,46,10000000,OK,Cycle
31,3,47,10000000,OK,Cycle
31,3,48,10000000,OK,Cycle
31,3,49,10000000,OK,Cycle
31,3,50,10000000,OK,Cycle
31,3,51,10000000,OK,Cycle
31,3,52,10000000,OK,Cycle
31,3,53,10000000,OK,Cycle
31,3,54,10000000,OK,Cycle
31,3,55,10000000,OK,Cycle
31,3,56,10000000,OK,Cycle
31,3,57,10000000,OK,Cycle
31,3,58,10000000,OK,Cycle
31,3,59,10000000,OK,Cycle
31,3,60,10000000,OK,Cycle
31,3,61,10000000,OK,Cycle
31,3,0,10000000,OK,Cycle
31,3,1,10000000,OK,Cycle
31,4,0,32,FAILED,divergence_threshold
31,4,1,0,FAILED,divergence_threshold
31,4,2,15,FAILED,divergence_threshold
31,4,3,21,FAILED,divergence_threshold
31,4,4,3,FAILED,divergence_threshold
31,4,5,3,FAILED,divergence_threshold
31,4,6,12,FAILED,divergence_threshold
31,4,7,0,FAILED,divergence_threshold
31,4,8,10,FAILED,divergence_threshold
31,4,9,957,FAILED,divergence_threshold
31,4,10,1,FAILED,divergence_threshold
31,4,11,1,FAILED,divergence_threshold
31,4,12,0,FAILED,divergence_threshold
31,4,13,20,FAILED,divergence_threshold
31,4,14,3,FAILED,divergence_threshold
31,4,15,2,FAILED,divergence_threshold
31,4,16,7,FAILED,divergence_threshold
31,4,17,3,FAILED,divergence_threshold
31,4,18,0,FAILED,divergence_threshold
31,4,19,0,FAILED,divergence_threshold
31,4,20,43,FAILED,divergence_threshold
31,4,21,13,FAILED,divergence_threshold
31,4,22,0,FAILED,divergence_threshold
31,4,23,0,FAILED,divergence_threshold
31,4,24,1,FAILED,divergence_threshold
31,4,25,0,FAILED,divergence_threshold
31,4,26,0,FAILED,divergence_threshold
31,4,27,14285,FAILED,divergence_threshold
31,4,28,0,FAILED,divergence_threshold
31,4,29,3,FAILED,divergence_threshold
31,4,30,31,FAILED,divergence_threshold
31,4,31,2,FAILED,divergence_threshold
31,4,32,3,FAILED,divergence_threshold
31,4,33,0,FAILED,divergence_threshold
31,4,34,0,FAILED,divergence_threshold
31,4,35,1,FAILED,divergence_threshold
31,4,36,0,FAILED,divergence_threshold
31,4,37,0,FAILED,divergence_threshold
31,4,38,2,FAILED,divergence_threshold
31,4,39,0,FAILED,divergence_threshold
31,4,40,0,FAILED,divergence_threshold
31,4,41,0,FAILED,divergence_threshold
31,4,42,1,FAILED,divergence_threshold
31,4,43,0,FAILED,divergence_threshold
31,4,44,5,FAILED,divergence_threshold
31,4,45,0,FAILED,divergence_threshold
31,4,46,0,FAILED,divergence_threshold
31,4,47,0,FAILED,divergence_threshold
31,4,48,0,FAILED,divergence_threshold
31,4,49,2,FAILED,divergence_threshold
31,4,50,3,FAILED,divergence_threshold
31,4,51,0,FAILED,divergence_threshold
31,4,52,2,FAILED,divergence_threshold
31,4,53,0,FAILED,divergence_threshold
31,4,54,3,FAILED,divergence_threshold
31,4,55,7,FAILED,divergence_threshold
31,4,56,0,FAILED,divergence_threshold
31,4,57,0,FAILED,divergence_threshold
31,4,58,0,FAILED,divergence_threshold
31,4,59,1,FAILED,divergence_threshold
31,4,60,0,FAILED,divergence_threshold
31,4,61,2,FAILED,divergence_threshold
37,1,0,10000000,OK,Cycle
37,1,1,10000000,OK,Cycle
37,1,2,10000000,OK,Cycle
37,1,3,10000000,OK,Cycle
37,1,4,10000000,OK,Cycle
37,1,5,10000000,OK,Cycle
37,1,6,10000000,OK,Cycle
37,1,7,10000000,OK,Cycle
37,1,8,10000000,OK,Cycle
37,1,9,10000000,OK,Cycle
37,1,10,10000000,OK,Cycle
37,1,11,10000000,OK,Cycle
37,1,12,10000000,OK,Cycle
37,1,13,10000000,OK,Cycle
37,1,14,10000000,OK,Cycle
37,1,15,10000000,OK,Cycle
37,1,16,10000000,OK,Cycle
37,1,17,10000000,OK,Cycle
37,1,18,10000000,OK,Cycle
37,1,19,10000000,OK,Cycle
37,1,20,10000000,OK,Cycle
37,1,21,10000000,OK,Cycle
37,1,22,10000000,OK,Cycle
37,1,23,10000000,OK,Cycle
37,1,24,10000000,OK,Cycle
37,1,25,10000000,OK,Cycle
37,1,26,10000000,OK,Cycle
37,1,27,10000000,OK,Cycle
37,1,28,10000000,OK,Cycle
37,1,29,10000000,OK,Cycle
37,1,30,10000000,OK,Cycle
37,1,31,10000000,OK,Cycle
37,1,32,10000000,OK,Cycle
37,1,33,10000000,OK,Cycle
37,1,34,10000000,OK,Cycle
37,1,35,10000000,OK,Cycle
37,1,36,10000000,OK,Cycle
37,1,37,10000000,OK,Cycle
37,1,38,10000000,OK,Cycle
37,1,39,10000000,OK,Cycle
37,1,40,10000000,OK,Cycle
37,1,41,10000000,OK,Cycle
37,1,42,10000000,OK,Cycle
37,1,43,10000000,OK,Cycle
37,1,44,10000000,OK,Cycle
37,1,45,10000000,OK,Cycle
37,1,46,10000000,OK,Cycle
37,1,47,10000000,OK,Cycle
37,1,48,10000000,OK,Cycle
37,1,49,10000000,OK,Cycle
37,1,50,10000000,OK,Cycle
37,1,51,10000000,OK,Cycle
37,1,52,10000000,OK,Cycle
37,1,53,10000000,OK,Cycle
37,1,54,10000000,OK,Cycle
37,1,55,10000000,OK,Cycle
37,1,56,10000000,OK,Cycle
37,1,57,10000000,OK,Cycle
37,1,58,10000000,OK,Cycle
37,1,59,10000000,OK,Cycle
37,1,60,10000000,OK,Cycle
37,1,61,10000000,OK,Cycle
37,1,62,10000000,OK,Cycle
37,1,63,10000000,OK,Cycle
37,1,64,10000000,OK,Cycle
37,1,65,10000000,OK,Cycle
37,1,66,10000000,OK,Cycle
37,1,67,10000000,OK,Cycle
37,1,68,10000000,OK,Cycle
37,1,69,10000000,OK,Cycle
37,1,70,10000000,OK,Cycle
37,1,71,10000000,OK,Cycle
37,1,72,10000000,OK,Cycle
37,1,73,10000000,OK,Cycle
37,2,0,10000000,OK,Cycle
37,2,1,10000000,OK,Cycle
37,2,2,10000000,OK,Cycle
37,2,3,10000000,OK,Cycle
37,2,4,10000000,OK,Cycle
37,2,5,10000000,OK,Cycle
37,2,6,10000000,OK,Cycle
37,2,7,10000000,OK,Cycle
37,2,8,10000000,OK,Cycle
37,2,9,10000000,OK,Cycle
37,2,10,10000000,OK,Cycle
37,2,11,10000000,OK,Cycle
37,2,12,10000000,OK,Cycle
37,2,13,10000000,OK,Cycle
37,2,14,10000000,OK,Cycle
37,2,15,10000000,OK,Cycle
37,2,16,10000000,OK,Cycle
37,2,17,10000000,OK,Cycle
37,2,18,10000000,OK,Cycle
37,2,19,10000000,OK,Cycle
37,2,20,10000000,OK,Cycle
37,2,21,10000000,OK,Cycle
37,2,22,10000000,OK,Cycle
37,2,23,10000000,OK,Cycle
37,2,24,10000000,OK,Cycle
37,2,25,10000000,OK,Cycle
37,2,26,10000000,OK,Cycle
37,2,27,10000000,OK,Cycle
37,2,28,10000000,OK,Cycle
37,2,29,10000000,OK,Cycle
37,2,30,10000000,OK,Cycle
37,2,31,10000000,OK,Cycle
37,2,32,10000000,OK,Cycle
37,2,33,10000000,OK,Cycle
37,2,34,10000000,OK,Cycle
37,2,35,10000000,OK,Cycle
37,2,36,10000000,OK,Cycle
37,2,37,10000000,OK,Cycle
37,2,38,10000000,OK,Cycle
37,2,39,10000000,OK,Cycle
37,2,40,10000000,OK,Cycle
37,2,41,10000000,OK,Cycle
37,2,42,10000000,OK,Cycle
37,2,43,10000000,OK,Cycle
37,2,44,10000000,OK,Cycle
37,2,45,10000000,OK,Cycle
37,2,46,10000000,OK,Cycle
37,2,47,10000000,OK,Cycle
37,2,48,10000000,OK,Cycle
37,2,49,10000000,OK,Cycle
37,2,50,10000000,OK,Cycle
37,2,51,10000000,OK,Cycle
37,2,52,10000000,OK,Cycle
37,2,53,10000000,OK,Cycle
37,2,54,10000000,OK,Cycle
37,2,55,10000000,OK,Cycle
37,2,56,10000000,OK,Cycle
37,2,57,10000000,OK,Cycle
37,2,58,10000000,OK,Cycle
37,2,59,10000000,OK,Cycle
37,2,60,10000000,OK,Cycle
37,2,61,10000000,OK,Cycle
37,2,62,10000000,OK,Cycle
37,2,63,10000000,OK,Cycle
37,2,64,10000000,OK,Cycle
37,2,65,10000000,OK,Cycle
37,2,66,10000000,OK,Cycle
37,2,67,10000000,OK,Cycle
37,2,68,10000000,OK,Cycle
37,2,69,10000000,OK,Cycle
37,2,70,10000000,OK,Cycle
37,2,71,10000000,OK,Cycle
37,2,72,10000000,OK,Cycle
37,2,73,10000000,OK,Cycle
37,3,0,10000000,OK,Cycle
37,3,1,10000000,OK,Cycle
37,3,2,10000000,OK,Cycle
37,3,3,10000000,OK,Cycle
37,3,4,10000000,OK,Cycle
37,3,5,10000000,OK,Cycle
37,3,6,10000000,OK,Cycle
37,3,7,10000000,OK,Cycle
37,3,8,10000000,OK,Cycle
37,3,9,10000000,OK,Cycle
37,3,10,10000000,OK,Cycle
37,3,11,10000000,OK,Cycle
37,3,12,10000000,OK,Cycle
37,3,13,10000000,OK,Cycle
37,3,14,10000000,OK,Cycle
37,3,15,10000000,OK,Cycle
37,3,16,10000000,OK,Cycle
37,3,17,10000000,OK,Cycle
37,3,18,10000000,OK,Cycle
37,3,19,10000000,OK,Cycle
37,3,20,10000000,OK,Cycle
37,3,21,10000000,OK,Cycle
37,3,22,10000000,OK,Cycle
37,3,23,10000000,OK,Cycle
37,3,24,10000000,OK,Cycle
37,3,25,10000000,OK,Cycle
37,3,26,10000000,OK,Cycle
37,3,27,10000000,OK,Cycle
37,3,28,10000000,OK,Cycle
37,3,29,10000000,OK,Cycle
37,3,30,10000000,OK,Cycle
37,3,31,10000000,OK,Cycle
37,3,32,10000000,OK,Cycle
37,3,33,10000000,OK,Cycle
37,3,34,10000000,OK,Cycle
37,3,35,10000000,OK,Cycle
37,3,36,10000000,OK,Cycle
37,3,37,10000000,OK,Cycle
37,3,38,10000000,OK,Cycle
37,3,39,10000000,OK,Cycle
37,3,40,10000000,OK,Cycle
37,3,41,10000000,OK,Cycle
37,3,42,10000000,OK,Cycle
37,3,43,10000000,OK,Cycle
37,3,44,10000000,OK,Cycle
37,3,45,10000000,OK,Cycle
37,3,46,10000000,OK,Cycle
37,3,47,10000000,OK,Cycle
37,3,48,10000000,OK,Cycle
37,3,49,10000000,OK,Cycle
37,3,50,10000000,OK,Cycle
37,3,51,10000000,OK,Cycle
37,3,52,10000000,OK,Cycle
37,3,53,10000000,OK,Cycle
37,3,54,10000000,OK,Cycle
37,3,55,10000000,OK,Cycle
37,3,56,10000000,OK,Cycle
37,3,57,10000000,OK,Cycle
37,3,58,10000000,OK,Cycle
37,3,59,10000000,OK,Cycle
37,3,60,10000000,OK,Cycle
37,3,61,10000000,OK,Cycle
37,3,62,10000000,OK,Cycle
37,3,63,10000000,OK,Cycle
37,3,64,10000000,OK,Cycle
37,3,65,10000000,OK,Cycle
37,3,66,10000000,OK,Cycle
37,3,67,10000000,OK,Cycle
37,3,68,10000000,OK,Cycle
37,3,69,10000000,OK,Cycle
37,3,70,10000000,OK,Cycle
37,3,71,10000000,OK,Cycle
37,3,72,10000000,OK,Cycle
37,3,73,10000000,OK,Cycle
37,4,0,365,FAILED,divergence_threshold
37,4,1,79,FAILED,divergence_threshold
37,4,2,0,FAILED,divergence_threshold
37,4,3,778,FAILED,divergence_threshold
37,4,4,471,FAILED,divergence_threshold
37,4,5,397,FAILED,divergence_threshold
37,4,6,28,FAILED,divergence_threshold
37,4,7,4,FAILED,divergence_threshold
37,4,8,3,FAILED,divergence_threshold
37,4,9,2,FAILED,divergence_threshold
37,4,10,0,FAILED,divergence_threshold
37,4,11,28,FAILED,divergence_threshold
37,4,12,1,FAILED,divergence_threshold
37,4,13,9,FAILED,divergence_threshold
37,4,14,1,FAILED,divergence_threshold
37,4,15,0,FAILED,divergence_threshold
37,4,16,10,FAILED,divergence_threshold
37,4,17,4,FAILED,divergence_threshold
37,4,18,1,FAILED,divergence_threshold
37,4,19,2,FAILED,divergence_threshold
37,4,20,12,FAILED,divergence_threshold
37,4,21,0,FAILED,divergence_threshold
37,4,22,3,FAILED,divergence_threshold
37,4,23,51,FAILED,divergence_threshold
37,4,24,0,FAILED,divergence_threshold
37,4,25,0,FAILED,divergence_threshold
37,4,26,1,FAILED,divergence_threshold
37,4,27,2,FAILED,divergence_threshold
37,4,28,12,FAILED,divergence_threshold
37,4,29,15,FAILED,divergence_threshold
37,4,30,0,FAILED,divergence_threshold
37,4,31,0,FAILED,divergence_threshold
37,4,32,2,FAILED,divergence_threshold
37,4,33,0,FAILED,divergence_threshold
37,4,34,6,FAILED,divergence_threshold
37,4,35,2,FAILED,divergence_threshold
37,4,36,44,FAILED,divergence_threshold
37,4,37,2,FAILED,divergence_threshold
37,4,38,0,FAILED,divergence_threshold
37,4,39,0,FAILED,divergence_threshold
37,4,40,3069,FAILED,divergence_threshold
37,4,41,1,FAILED,divergence_threshold
37,4,42,1,FAILED,divergence_threshold
37,4,43,5,FAILED,divergence_threshold
37,4,44,1,FAILED,divergence_threshold
37,4,45,3,FAILED,divergence_threshold
37,4,46,0,FAILED,divergence_threshold
37,4,47,0,FAILED,divergence_threshold
37,4,48,2,FAILED,divergence_threshold
37,4,49,1,FAILED,divergence_threshold
37,4,50,4,FAILED,divergence_threshold
37,4,51,2,FAILED,divergence_threshold
37,4,52,1,FAILED,divergence_threshold
37,4,53,0,FAILED,divergence_threshold
37,4,54,2,FAILED,divergence_threshold
37,4,55,1,FAILED,divergence_threshold
37,4,56,3,FAILED,divergence_threshold
37,4,57,0,FAILED,divergence_threshold
37,4,58,3,FAILED,divergence_threshold
37,4,59,0,FAILED,divergence_threshold
37,4,60,9,FAILED,divergence_threshold
37,4,61,2,FAILED,divergence_threshold
37,4,62,2,FAILED,divergence_threshold
37,4,63,5,FAILED,divergence_threshold
37,4,64,5,FAILED,divergence_threshold
37,4,65,2,FAILED,divergence_threshold
37,4,66,1,FAILED,divergence_threshold
37,4,67,0,FAILED,divergence_threshold
37,4,68,1,FAILED,divergence_threshold
37,4,69,2,FAILED,divergence_threshold
37,4,70,0,FAILED,divergence_threshold
37,4,71,0,FAILED,divergence_threshold
37,4,72,6,FAILED,divergence_threshold
37,4,73,2,FAILED,divergence_threshold
41,1,0,10000000,OK,Cycle
41,1,1,10000000,OK,Cycle
41,1,2,10000000,OK,Cycle
41,1,3,10000000,OK,Cycle
41,1,4,10000000,OK,Cycle
41,1,5,10000000,OK,Cycle
41,1,6,10000000,OK,Cycle
41,1,7,10000000,OK,Cycle
41,1,8,10000000,OK,Cycle
41,1,9,10000000,OK,Cycle
41,1,10,10000000,OK,Cycle
41,1,11,10000000,OK,Cycle
41,1,12,10000000,OK,Cycle
41,1,13,10000000,OK,Cycle
41,1,14,10000000,OK,Cycle
41,1,15,10000000,OK,Cycle
41,1,16,10000000,OK,Cycle
41,1,17,10000000,OK,Cycle
41,1,18,10000000,OK,Cycle
41,1,19,10000000,OK,Cycle
41,1,20,10000000,OK,Cycle
41,1,21,10000000,OK,Cycle
41,1,22,10000000,OK,Cycle
41,1,23,10000000,OK,Cycle
41,1,24,10000000,OK,Cycle
41,1,25,10000000,OK,Cycle
41,1,26,10000000,OK,Cycle
41,1,27,10000000,OK,Cycle
41,1,28,10000000,OK,Cycle
41,1,29,10000000,OK,Cycle
41,1,30,10000000,OK,Cycle
41,1,31,10000000,OK,Cycle
41,1,32,10000000,OK,Cycle
41,1,33,10000000,OK,Cycle
41,1,34,10000000,OK,Cycle
41,1,35,10000000,OK,Cycle
41,1,36,10000000,OK,Cycle
41,1,37,10000000,OK,Cycle
41,1,38,10000000,OK,Cycle
41,1,39,10000000,OK,Cycle
41,1,40,10000000,OK,Cycle
41,1,41,10000000,OK,Cycle
41,1,42,10000000,OK,Cycle
41,1,43,10000000,OK,Cycle
41,1,44,10000000,OK,Cycle
41,1,45,10000000,OK,Cycle
41,1,46,10000000,OK,Cycle
41,1,47,10000000,OK,Cycle
41,1,48,10000000,OK,Cycle
41,1,49,10000000,OK,Cycle
41,1,50,10000000,OK,Cycle
41,1,51,10000000,OK,Cycle
41,1,52,10000000,OK,Cycle
41,1,53,10000000,OK,Cycle
41,1,54,10000000,OK,Cycle
41,1,55,10000000,OK,Cycle
41,1,56,10000000,OK,Cycle
41,1,57,10000000,OK,Cycle
41,1,58,10000000,OK,Cycle
41,1,59,10000000,OK,Cycle
41,1,60,10000000,OK,Cycle
41,1,61,10000000,OK,Cycle
41,1,62,10000000,OK,Cycle
41,1,63,10000000,OK,Cycle
41,1,64,10000000,OK,Cycle
41,1,65,10000000,OK,Cycle
41,1,66,10000000,OK,Cycle
41,1,67,10000000,OK,Cycle
41,1,68,10000000,OK,Cycle
41,1,69,10000000,OK,Cycle
41,1,70,10000000,OK,Cycle
41,1,71,10000000,OK,Cycle
41,1,72,10000000,OK,Cycle
41,1,73,10000000,OK,Cycle
41,1,74,10000000,OK,Cycle
41,1,75,10000000,OK,Cycle
41,1,76,10000000,OK,Cycle
41,1,77,10000000,OK,Cycle
41,1,78,10000000,OK,Cycle
41,1,79,10000000,OK,Cycle
41,1,80,10000000,OK,Cycle
41,1,81,10000000,OK,Cycle
41,2,0,10000000,OK,Cycle
41,2,1,10000000,OK,Cycle
41,2,2,10000000,OK,Cycle
41,2,3,10000000,OK,Cycle
41,2,4,10000000,OK,Cycle
41,2,5,10000000,OK,Cycle
41,2,6,10000000,OK,Cycle
41,2,7,10000000,OK,Cycle
41,2,8,10000000,OK,Cycle
41,2,9,10000000,OK,Cycle
41,2,10,10000000,OK,Cycle
41,2,11,10000000,OK,Cycle
41,2,12,10000000,OK,Cycle
41,2,13,10000000,OK,Cycle
41,2,14,10000000,OK,Cycle
41,2,15,10000000,OK,Cycle
41,2,16,10000000,OK,Cycle
41,2,17,10000000,OK,Cycle
41,2,18,10000000,OK,Cycle
41,2,19,10000000,OK,Cycle
41,2,20,10000000,OK,Cycle
41,2,21,10000000,OK,Cycle
41,2,22,10000000,OK,Cycle
41,2,23,10000000,OK,Cycle
41,2,24,10000000,OK,Cycle
41,2,25,10000000,OK,Cycle
41,2,26,10000000,OK,Cycle
41,2,27,10000000,OK,Cycle
41,2,28,10000000,OK,Cycle
41,2,29,10000000,OK,Cycle
41,2,30,10000000,OK,Cycle
41,2,31,10000000,OK,Cycle
41,2,32,10000000,OK,Cycle
41,2,33,10000000,OK,Cycle
41,2,34,10000000,OK,Cycle
41,2,35,10000000,OK,Cycle
41,2,36,10000000,OK,Cycle
41,2,37,10000000,OK,Cycle
41,2,38,10000000,OK,Cycle
41,2,39,10000000,OK,Cycle
41,2,40,10000000,OK,Cycle
41,2,41,10000000,OK,Cycle
41,2,42,10000000,OK,Cycle
41,2,43,10000000,OK,Cycle
41,2,44,10000000,OK,Cycle
41,2,45,10000000,OK,Cycle
41,2,46,10000000,OK,Cycle
41,2,47,10000000,OK,Cycle
41,2,48,10000000,OK,Cycle
41,2,49,10000000,OK,Cycle
41,2,50,10000000,OK,Cycle
41,2,51,10000000,OK,Cycle
41,2,52,10000000,OK,Cycle
41,2,53,10000000,OK,Cycle
41,2,54,10000000,OK,Cycle
41,2,55,10000000,OK,Cycle
41,2,56,10000000,OK,Cycle
41,2,57,10000000,OK,Cycle
41,2,58,10000000,OK,Cycle
41,2,59,10000000,OK,Cycle
41,2,60,10000000,OK,Cycle
41,2,61,10000000,OK,Cycle
41,2,62,10000000,OK,Cycle
41,2,63,10000000,OK,Cycle
41,2,64,10000000,OK,Cycle
41,2,65,10000000,OK,Cycle
41,2,66,10000000,OK,Cycle
41,2,67,10000000,OK,Cycle
41,2,68,10000000,OK,Cycle
41,2,69,10000000,OK,Cycle
41,2,70,10000000,OK,Cycle
41,2,71,10000000,OK,Cycle
41,2,72,10000000,OK,Cycle
41,2,73,10000000,OK,Cycle
41,2,74,10000000,OK,Cycle
41,2,75,10000000,OK,Cycle
41,2,76,10000000,OK,Cycle
41,2,77,10000000,OK,Cycle
41,2,78,10000000,OK,Cycle
41,2,79,10000000,OK,Cycle
41,2,80,10000000,OK,Cycle
41,2,81,10000000,OK,Cycle
41,3,0,10000000,OK,Cycle
41,3,1,10000000,OK,Cycle
41,3,2,10000000,OK,Cycle
41,3,3,10000000,OK,Cycle
41,3,4,10000000,OK,Cycle
41,3,5,10000000,OK,Cycle
41,3,6,10000000,OK,Cycle
41,3,7,10000000,OK,Cycle
41,3,8,10000000,OK,Cycle
41,3,9,10000000,OK,Cycle
41,3,10,10000000,OK,Cycle
41,3,11,10000000,OK,Cycle
41,3,12,10000000,OK,Cycle
41,3,13,10000000,OK,Cycle
41,3,14,10000000,OK,Cycle
41,3,15,10000000,OK,Cycle
41,3,16,10000000,OK,Cycle
41,3,17,10000000,OK,Cycle
41,3,18,10000000,OK,Cycle
41,3,19,10000000,OK,Cycle
41,3,20,10000000,OK,Cycle
41,3,21,10000000,OK,Cycle
41,3,22,10000000,OK,Cycle
41,3,23,10000000,OK,Cycle
41,3,24,10000000,OK,Cycle
41,3,25,10000000,OK,Cycle
41,3,26,10000000,OK,Cycle
41,3,27,10000000,OK,Cycle
41,3,28,10000000,OK,Cycle
41,3,29,10000000,OK,Cycle
41,3,30,10000000,OK,Cycle
41,3,31,10000000,OK,Cycle
41,3,32,10000000,OK,Cycle
41,3,33,10000000,OK,Cycle
41,3,34,10000000,OK,Cycle
41,3,35,10000000,OK,Cycle
41,3,36,10000000,OK,Cycle
41,3,37,10000000,OK,Cycle
41,3,38,10000000,OK,Cycle
41,3,39,10000000,OK,Cycle
41,3,40,10000000,OK,Cycle
41,3,41,10000000,OK,Cycle
41,3,42,10000000,OK,Cycle
41,3,43,10000000,OK,Cycle
41,3,44,10000000,OK,Cycle
41,3,45,10000000,OK,Cycle
41,3,46,10000000,OK,Cycle
41,3,47,10000000,OK,Cycle
41,3,48,10000000,OK,Cycle
41,3,49,10000000,OK,Cycle
41,3,50,10000000,OK,Cycle
41,3,51,10000000,OK,Cycle
41,3,52,10000000,OK,Cycle
41,3,53,10000000,OK,Cycle
41,3,54,10000000,OK,Cycle
41,3,55,10000000,OK,Cycle
41,3,56,10000000,OK,Cycle
41,3,57,10000000,OK,Cycle
41,3,58,10000000,OK,Cycle
41,3,59,10000000,OK,Cycle
41,3,60,10000000,OK,Cycle
41,3,61,10000000,OK,Cycle
41,3,62,10000000,OK,Cycle
41,3,63,10000000,OK,Cycle
41,3,64,10000000,OK,Cycle
41,3,65,10000000,OK,Cycle
41,3,66,10000000,OK,Cycle
41,3,67,10000000,OK,Cycle
41,3,68,10000000,OK,Cycle
41,3,69,10000000,OK,Cycle
41,3,70,10000000,OK,Cycle
41,3,71,10000000,OK,Cycle
41,3,72,10000000,OK,Cycle
41,3,73,10000000,OK,Cycle
41,3,74,10000000,OK,Cycle
41,3,75,10000000,OK,Cycle
41,3,76,10000000,OK,Cycle
41,3,77,10000000,OK,Cycle
41,3,78,10000000,OK,Cycle
41,3,79,10000000,OK,Cycle
41,3,80,10000000,OK,Cycle
41,3,81,10000000,OK,Cycle
41,4,0,89,FAILED,divergence_threshold
41,4,1,7328,FAILED,divergence_threshold
41,4,2,13723,FAILED,divergence_threshold
41,4,3,11462,FAILED,divergence_threshold
41,4,4,17541,FAILED,divergence_threshold
41,4,5,3,FAILED,divergence_threshold
41,4,6,11235,FAILED,divergence_threshold
41,4,7,1,FAILED,divergence_threshold
41,4,8,732009,FAILED,divergence_threshold
41,4,9,24797,FAILED,divergence_threshold
41,4,10,1890,FAILED,divergence_threshold
41,4,11,559,FAILED,divergence_threshold
41,4,12,738,FAILED,divergence_threshold
41,4,13,6468,FAILED,divergence_threshold
41,4,14,116272,FAILED,divergence_threshold
41,4,15,132,FAILED,divergence_threshold
41,4,16,2783,FAILED,divergence_threshold
41,4,17,4792,FAILED,divergence_threshold
41,4,18,30,FAILED,divergence_threshold
41,4,19,113403,FAILED,divergence_threshold
41,4,20,23,FAILED,divergence_threshold
41,4,21,2903,FAILED,divergence_threshold
41,4,22,23,FAILED,divergence_threshold
41,4,23,6300,FAILED,divergence_threshold
41,4,24,71005,FAILED,divergence_threshold
41,4,25,4,FAILED,divergence_threshold
41,4,26,24147,FAILED,divergence_threshold
41,4,27,149,FAILED,divergence_threshold
41,4,28,7,FAILED,divergence_threshold
41,4,29,59077,FAILED,divergence_threshold
41,4,30,188,FAILED,divergence_threshold
41,4,31,317,FAILED,divergence_threshold
41,4,32,5847,FAILED,divergence_threshold
41,4,33,44,FAILED,divergence_threshold
41,4,34,57,FAILED,divergence_threshold
41,4,35,17,FAILED,divergence_threshold
41,4,36,13,FAILED,divergence_threshold
41,4,37,10,FAILED,divergence_threshold
41,4,38,340,FAILED,divergence_threshold
41,4,39,6923,FAILED,divergence_threshold
41,4,40,60,FAILED,divergence_threshold
41,4,41,10809,FAILED,divergence_threshold
41,4,42,74,FAILED,divergence_threshold
41,4,43,16,FAILED,divergence_threshold
41,4,44,460182,FAILED,divergence_threshold
41,4,45,2,FAILED,divergence_threshold
41,4,46,10,FAILED,divergence_threshold
41,4,47,26719,FAILED,divergence_threshold
41,4,48,19,FAILED,divergence_threshold
41,4,49,0,FAILED,divergence_threshold
41,4,50,72,FAILED,divergence_threshold
41,4,51,47,FAILED,divergence_threshold
41,4,52,0,FAILED,divergence_threshold
41,4,53,62808,FAILED,divergence_threshold
41,4,54,38,FAILED,divergence_threshold
41,4,55,11,FAILED,divergence_threshold
41,4,56,2857,FAILED,divergence_threshold
41,4,57,21,FAILED,divergence_threshold
41,4,58,14,FAILED,divergence_threshold
41,4,59,36775,FAILED,divergence_threshold
41,4,60,5,FAILED,divergence_threshold
41,4,61,0,FAILED,divergence_threshold
41,4,62,2496,FAILED,divergence_threshold
41,4,63,18,FAILED,divergence_threshold
41,4,64,30,FAILED,divergence_threshold
41,4,65,30,FAILED,divergence_threshold
41,4,66,0,FAILED,divergence_threshold
41,4,67,6,FAILED,divergence_threshold
41,4,68,6,FAILED,divergence_threshold
41,4,69,43206,FAILED,divergence_threshold
41,4,70,1,FAILED,divergence_threshold
41,4,71,13444,FAILED,divergence_threshold
41,4,72,101,FAILED,divergence_threshold
41,4,73,25,FAILED,divergence_threshold
41,4,74,97453,FAILED,divergence_threshold
41,4,75,0,FAILED,divergence_threshold
41,4,76,1127,FAILED,divergence_threshold
41,4,77,5,FAILED,divergence_threshold
41,4,78,12,FAILED,divergence_threshold
41,4,79,101,FAILED,divergence_threshold
41,4,80,77610,FAILED,divergence_threshold
41,4,81,42,FAILED,divergence_threshold
